timestamp,cpu_pct,mem_pct,net_in_kbps,net_out_kbps,disk_io_ops,latency_ms,errors_5xx,queue_depth,build_number
0,32.33,42.48,1323.7,543.4,175,17.39,0,3.3,1042
30,29.61,42.42,1596.3,655.6,203,12.84,0,2.3,1042
60,29.04,42.09,1345.0,536.5,324,14.54,0,2.7,1042
90,28.49,42.19,1419.7,415.9,293,16.00,0,1.6,1042
120,28.31,42.38,1294.8,511.4,287,14.13,0,0.5,1042
150,34.53,42.53,1411.8,608.5,244,14.86,0,1.3,1042
180,31.94,42.85,1411.1,416.4,287,15.47,0,2.3,1042
210,33.34,43.27,1237.3,397.4,281,12.06,0,1.9,1042
240,35.11,43.01,1312.5,526.6,309,13.27,0,2.5,1042
270,32.03,43.40,1274.9,399.0,293,17.96,0,3.4,1042
300,36.60,43.28,1616.5,447.7,282,18.39,0,3.4,1042
330,34.67,43.71,1536.2,643.6,366,16.71,0,3.7,1042
360,32.56,44.08,1507.9,586.3,325,18.47,0,2.6,1042
390,35.46,44.06,1619.6,509.1,349,14.96,0,3.7,1042
420,39.50,44.12,1313.0,426.5,395,22.01,0,3.9,1042
450,41.04,44.61,1209.8,441.1,292,21.06,0,4.1,1042
480,40.73,44.78,1336.0,476.5,328,19.60,0,3.7,1042
510,38.12,44.64,1289.4,405.5,421,20.23,0,3.1,1042
540,35.68,45.18,1554.0,428.2,429,17.93,0,2.3,1042
570,34.73,45.51,1318.3,453.7,401,19.17,0,2.5,1042
600,35.50,45.31,1577.5,618.9,342,16.32,0,2.2,1042
630,39.82,45.28,1436.4,431.4,331,17.54,0,1.5,1042
660,40.02,45.61,1649.8,593.7,437,21.98,0,1.5,1042
690,36.71,45.90,1237.3,380.2,389,20.28,0,0.5,1042
720,36.57,45.86,1288.9,465.8,384,19.69,0,1.4,1042
750,42.00,46.12,1194.4,431.4,345,23.28,0,2.0,1042
780,39.52,46.19,1500.1,570.7,462,20.39,0,1.0,1042
810,37.83,46.24,1326.7,415.1,367,15.33,0,0.0,1042
840,41.66,46.18,1242.3,538.8,358,18.21,0,0.0,1042
870,38.95,46.50,1221.6,339.3,386,19.62,0,0.5,1042
900,42.85,46.66,1653.9,599.0,404,17.04,0,1.3,1042
930,37.24,46.32,1481.7,523.3,413,17.60,1,0.5,1042
960,42.06,46.84,1354.1,552.3,403,19.87,0,1.6,1042
990,39.93,47.09,1400.0,443.3,456,21.79,0,1.0,1042
1020,43.11,47.57,1236.8,470.6,387,17.60,0,1.2,1042
1050,36.46,48.12,1482.4,449.5,336,20.13,0,1.0,1042
1080,39.92,48.30,1332.2,492.3,391,20.33,0,1.6,1042
1110,41.01,48.25,1683.7,573.3,353,19.37,0,1.7,1042
1140,41.06,48.40,1725.7,578.6,443,18.89,0,2.4,1042
1170,43.07,48.78,1361.1,595.3,378,21.24,0,2.8,1042
1200,39.98,49.06,1473.9,393.5,397,22.56,0,1.7,1042
1230,38.35,48.76,1425.4,473.0,359,21.05,0,1.5,1042
1260,40.92,48.85,1509.2,557.3,406,23.05,0,2.0,1042
1290,37.41,48.98,1618.5,576.8,320,16.06,0,2.4,1042
1320,35.90,48.73,1510.2,411.4,407,19.77,0,1.2,1042
1350,35.28,48.63,1469.5,590.6,363,15.23,0,2.0,1042
1380,37.09,48.95,1707.2,631.2,356,19.65,1,1.4,1042
1410,36.30,48.88,1261.4,504.2,340,14.08,0,1.6,1042
1440,35.13,48.55,1659.8,567.2,272,19.72,0,1.0,1042
1470,34.58,48.93,1381.1,437.7,304,15.39,0,1.3,1042
1500,37.16,49.15,1495.1,422.7,298,18.76,0,1.1,1042
1530,38.13,49.05,1680.6,651.9,293,15.63,0,1.1,1042
1560,34.01,48.87,1550.1,467.8,310,16.34,0,2.2,1042
1590,38.25,49.19,1664.8,465.4,309,21.57,0,2.0,1042
1620,37.12,49.11,1331.3,528.8,263,19.34,0,2.4,1042
1650,32.74,49.08,1330.2,344.6,235,14.32,0,3.2,1042
1680,37.09,48.75,1283.7,484.3,288,15.61,0,3.1,1042
1710,33.09,48.95,1492.8,464.1,227,17.30,0,2.4,1042
1740,33.61,49.42,1406.0,581.8,235,18.49,0,1.4,1042
1770,30.09,49.17,1632.9,627.0,262,10.15,0,0.5,1042
1800,36.37,48.86,1603.2,688.2,288,14.01,0,0.0,1042
1830,36.20,49.22,1429.2,610.7,231,20.59,0,0.7,1042
1860,30.11,49.19,1696.4,595.2,269,14.23,0,0.6,1042
1890,30.74,49.33,1438.9,447.8,193,16.26,0,1.3,1042
1920,34.09,49.69,1507.8,553.6,144,19.33,0,0.5,1042
1950,33.89,49.92,1464.6,466.7,206,15.09,0,0.6,1042
1980,34.26,50.46,1324.0,438.0,163,16.61,0,0.7,1042
2010,26.22,50.52,1331.5,561.6,136,10.56,0,0.0,1042
2040,27.53,50.88,1502.8,582.5,242,12.28,0,0.8,1042
2070,30.91,50.83,1512.6,524.4,223,11.47,0,0.0,1042
2100,32.40,50.65,1483.7,486.9,198,11.13,0,0.2,1042
2130,24.86,50.53,1402.8,431.8,122,6.87,0,1.4,1042
2160,26.09,50.32,1402.8,511.4,156,13.15,0,1.6,1042
2190,30.78,50.76,1588.2,508.7,75,15.54,0,1.3,1042
2220,30.89,51.04,1380.6,520.7,172,9.69,0,0.2,1042
2250,28.56,51.38,1400.6,426.1,188,14.30,0,0.9,1042
2280,25.73,51.05,1622.6,543.5,169,11.67,0,0.4,1042
2310,23.14,50.80,1718.7,605.3,162,6.74,0,0.0,1042
2340,28.36,50.54,1537.3,538.0,45,12.31,0,0.0,1042
2370,27.51,51.09,1448.0,556.1,131,15.40,0,0.4,1042
2400,25.93,51.28,1304.9,529.1,35,7.42,0,0.0,1042
2430,25.14,51.43,1337.3,508.5,42,13.23,0,0.1,1042
2460,22.25,51.77,1459.4,445.3,149,10.27,1,0.1,1042
2490,22.28,51.47,1759.1,767.9,26,7.42,0,1.0,1042
2520,26.94,51.32,1320.7,421.6,33,13.18,0,1.0,1042
2550,26.24,51.74,1455.0,422.2,98,13.87,1,0.6,1042
2580,26.39,51.98,1335.2,402.5,109,10.25,0,1.5,1042
2610,27.60,52.07,1470.9,476.8,131,15.00,0,2.4,1042
2640,24.39,51.85,1437.2,466.3,106,7.10,0,2.4,1042
2670,22.41,52.22,1426.0,580.0,51,11.17,0,3.4,1042
2700,28.45,52.31,1755.5,578.9,144,12.79,0,4.0,1042
2730,28.85,52.09,1722.0,548.2,148,15.41,0,3.0,1042
2760,23.67,52.14,1751.4,626.1,74,7.04,0,2.8,1042
2790,28.44,52.55,1340.0,490.6,100,15.26,0,2.2,1042
2820,24.93,52.95,1422.2,443.7,35,12.97,0,1.1,1042
2850,25.06,52.95,1771.3,601.1,128,13.03,0,1.4,1042
2880,23.70,52.73,1460.7,578.5,126,6.96,0,2.4,1042
2910,23.15,52.44,1610.0,613.4,150,5.58,0,2.4,1042
2940,25.63,52.18,1430.7,390.6,129,8.00,0,3.5,1042
2970,29.98,52.27,1340.2,400.3,64,12.13,0,3.8,1042
3000,26.65,52.75,1547.7,592.9,170,11.58,0,3.3,1042
3030,25.22,52.60,1603.9,679.1,89,10.61,0,3.6,1042
3060,30.27,52.69,1524.1,443.7,87,11.86,0,4.7,1042
3090,26.89,52.54,1859.9,560.9,179,13.98,0,5.7,1042
3120,29.17,52.25,1389.4,420.5,100,10.50,0,4.9,1042
3150,26.62,52.09,1749.6,701.9,128,10.93,0,4.6,1042
3180,32.23,51.99,1491.6,443.1,113,11.94,0,3.4,1042
3210,27.22,51.85,1450.7,507.5,201,8.33,0,3.9,1042
3240,31.13,51.70,1354.9,494.6,88,13.64,0,4.5,1042
3270,31.73,51.70,1697.4,546.4,133,17.35,0,5.2,1042
3300,31.34,52.11,1607.0,529.3,187,13.21,0,6.0,1042
3330,29.98,52.55,1793.5,676.7,235,10.32,0,7.1,1042
3360,30.62,52.30,1532.5,642.8,169,12.36,0,6.7,1042
3390,35.69,52.68,1740.2,673.0,152,17.71,0,6.4,1042
3420,32.42,52.33,1516.7,501.9,131,10.52,0,7.1,1042
3450,31.56,52.59,1547.4,490.1,155,12.42,0,6.7,1042
3480,36.16,52.59,1744.9,680.1,184,17.31,0,5.6,1042
3510,37.95,53.08,1613.7,452.1,145,16.70,0,5.0,1042
3540,33.40,53.35,1705.8,512.9,253,12.17,0,4.0,1042
3570,33.48,53.32,1573.1,671.5,200,16.34,0,4.5,1042
3600,36.15,53.21,1488.2,439.6,255,16.98,0,4.3,1042
3630,34.20,53.70,1620.5,484.8,190,19.14,0,3.3,1042
3660,39.52,53.49,1522.3,595.5,200,15.74,0,3.5,1042
3690,34.09,53.47,1383.3,523.7,297,12.41,0,3.7,1042
3720,37.16,53.71,1848.5,718.5,323,20.39,0,2.5,1042
3750,35.60,53.94,1439.1,463.2,265,15.05,0,3.5,1042
3780,37.21,53.90,1830.8,580.6,327,18.34,0,3.0,1042
3810,41.51,53.95,1465.1,528.0,351,18.15,0,1.8,1042
3840,36.99,54.40,1902.6,628.8,312,15.23,0,2.7,1042
3870,37.00,54.76,1762.3,585.0,382,16.73,0,1.8,1042
3900,42.94,54.82,1629.0,633.2,348,18.04,0,2.2,1042
3930,43.83,54.91,1746.2,681.3,395,21.80,0,1.6,1042
3960,37.94,55.22,1430.1,462.9,319,18.41,0,1.2,1042
3990,43.96,55.40,1826.8,580.2,399,23.66,0,1.2,1042
4020,42.10,55.52,1487.9,517.0,283,20.34,0,1.9,1042
4050,43.35,55.47,1405.1,477.4,370,23.08,0,2.4,1042
4080,45.68,55.61,1738.9,529.1,412,21.72,0,2.2,1042
4110,47.47,55.85,1665.5,709.9,297,21.51,0,1.1,1042
4140,40.89,55.78,1466.5,431.0,368,21.10,0,1.3,1042
4170,44.33,55.90,1574.1,603.4,376,17.76,0,1.0,1042
4200,42.46,55.63,1486.1,502.9,378,24.05,0,1.1,1042
4230,44.88,55.61,1714.2,570.7,373,20.76,0,1.9,1042
4260,44.38,55.99,1543.7,555.1,406,17.63,0,1.9,1042
4290,41.36,55.74,1785.9,511.8,447,19.98,0,1.2,1042
4320,44.35,56.27,1808.4,734.1,418,24.19,0,1.4,1042
4350,48.46,56.50,1431.2,429.5,381,21.58,0,0.9,1042
4380,41.98,56.50,1525.8,578.0,441,17.51,0,1.5,1042
4410,43.25,56.38,1524.1,494.5,367,18.31,0,0.6,1042
4440,49.49,56.44,1623.2,587.8,434,21.43,0,0.2,1042
4470,44.79,56.70,1870.3,693.0,349,19.04,0,0.0,1042
4500,49.95,56.61,1502.7,555.4,418,28.40,0,0.2,1042
4530,47.38,56.77,1791.7,542.6,360,22.16,0,0.4,1042
4560,43.84,56.71,1784.7,615.5,468,21.22,0,0.0,1042
4590,45.66,56.52,1589.6,521.1,438,23.12,0,0.4,1042
4620,45.21,56.30,1753.7,604.2,401,19.13,0,0.5,1042
4650,45.00,56.13,1751.1,560.9,428,22.37,0,0.1,1042
4680,43.49,56.14,1592.1,651.6,347,24.08,0,1.3,1042
4710,49.19,56.44,1817.1,521.8,336,21.17,0,1.4,1042
4740,42.04,56.13,1708.5,554.6,391,22.60,0,0.5,1042
4770,43.66,55.86,1651.6,664.5,337,21.89,0,0.8,1042
4800,41.57,55.84,1718.6,547.5,388,21.67,0,1.7,1042
4830,47.57,55.67,1695.7,681.1,431,19.71,1,2.6,1042
4860,42.61,56.18,1473.7,493.8,342,22.32,0,2.2,1042
4890,44.14,56.00,1539.6,581.7,394,23.35,0,3.4,1042
4920,45.65,56.22,1686.1,540.4,306,25.46,0,3.1,1042
4950,46.40,56.34,1912.3,771.1,357,24.83,0,3.1,1042
4980,45.97,56.46,1741.7,458.7,399,21.52,0,3.2,1042
5010,45.96,56.75,1839.8,647.4,404,24.74,0,2.4,1042
5040,39.80,56.92,1484.3,607.5,375,16.33,0,3.2,1042
5070,39.52,56.92,1558.3,650.2,353,21.49,0,2.9,1042
5100,41.48,56.64,1747.7,690.4,316,20.07,0,3.7,1042
5130,38.84,56.80,1479.1,480.9,377,14.89,0,4.2,1042
5160,43.87,56.56,1802.5,543.4,325,20.06,0,4.8,1042
5190,40.61,56.81,1865.9,621.7,287,18.89,0,4.3,1042
5220,43.82,57.30,1905.6,699.1,342,17.70,0,5.2,1042
5250,41.59,57.19,1828.6,747.7,279,16.19,0,5.3,1042
5280,42.02,57.14,1523.7,525.9,331,21.99,0,6.2,1042
5310,39.19,57.03,1862.2,796.8,227,21.35,0,6.0,1042
5340,38.26,57.06,1780.3,698.1,265,20.72,0,5.5,1042
5370,40.71,57.45,1954.9,758.6,207,15.60,0,4.4,1042
5400,40.47,57.21,1729.6,536.6,271,19.25,0,4.9,1042
5430,41.98,57.52,1828.0,752.7,301,16.79,0,4.6,1042
5460,36.04,57.52,1542.9,502.5,237,18.64,0,5.6,1042
5490,39.09,57.96,1502.2,597.2,187,17.45,0,4.5,1042
5520,38.76,57.81,1890.4,721.3,198,20.94,0,4.1,1042
5550,33.73,57.88,1656.4,572.8,130,14.17,0,3.6,1042
5580,35.30,58.40,2012.2,785.3,177,19.70,0,4.2,1042
5610,31.77,58.63,1714.0,555.9,221,14.06,0,4.4,1042
5640,32.49,58.95,1818.4,685.0,187,18.24,0,4.7,1042
5670,33.23,59.29,1930.8,547.7,115,17.50,0,4.4,1042
5700,38.25,59.56,1577.4,474.2,199,15.66,0,4.5,1042
5730,37.07,59.22,1912.5,768.0,175,15.70,0,5.6,1042
5760,30.19,59.54,1625.7,518.1,90,14.13,0,5.1,1042
5790,30.45,59.28,1682.7,616.2,191,14.66,0,5.1,1042
5820,29.88,59.79,1767.1,508.7,96,15.68,0,4.2,1042
5850,36.15,60.21,1582.6,543.5,108,19.38,0,5.3,1042
5880,33.98,60.37,1706.9,495.2,127,13.64,0,6.1,1042
5910,31.26,60.31,1603.7,641.6,138,11.83,0,5.8,1042
5940,35.88,60.52,1596.7,543.3,139,18.82,0,6.7,1042
5970,32.45,60.91,1604.6,497.9,103,11.84,0,6.7,1042
6000,32.24,61.07,1858.2,711.2,147,11.36,0,7.0,1042
6030,29.89,61.52,1777.7,622.3,42,15.06,0,6.3,1042
6060,33.62,61.49,1795.8,509.1,155,17.96,0,5.2,1042
6090,31.64,61.86,1580.1,591.3,29,15.10,0,5.1,1042
6120,28.74,62.30,1887.7,580.8,54,14.62,0,5.3,1042
6150,34.23,62.78,1717.5,556.2,83,17.10,0,5.8,1042
6180,29.50,63.31,1532.5,562.2,99,14.97,0,4.6,1042
6210,33.69,63.72,1610.8,549.5,96,12.95,0,4.9,1042
6240,31.34,63.70,1551.4,522.6,81,17.55,0,4.9,1042
6270,34.17,63.75,1962.9,799.7,49,15.28,0,5.5,1042
6300,29.74,63.52,1830.9,620.2,14,12.80,0,5.3,1042
6330,28.47,63.57,1708.9,661.7,74,10.71,0,5.7,1042
6360,27.07,63.29,1564.0,637.3,107,8.48,0,6.8,1042
6390,29.67,63.10,1960.8,767.0,103,8.81,1,6.5,1042
6420,33.50,63.02,1970.3,603.6,90,12.17,0,6.4,1042
6450,27.64,62.99,1567.0,470.3,147,12.38,0,6.2,1042
6480,34.59,63.07,1562.0,669.0,67,15.40,0,6.3,1042
6510,31.31,62.81,2049.4,759.1,88,10.34,0,7.5,1042
6540,34.95,62.62,1766.5,541.6,60,16.24,0,6.9,1042
6570,28.49,63.11,2032.4,624.8,162,13.79,0,7.3,1042
6600,29.53,63.17,1829.1,707.7,75,15.13,0,7.6,1042
6630,33.72,63.29,2050.0,732.0,135,18.18,0,8.6,1042
6660,34.53,63.71,2064.7,626.2,48,19.27,1,9.8,1042
6690,35.12,64.00,1796.0,583.1,183,14.21,0,8.7,1042
6720,31.37,63.77,1660.4,726.5,125,12.10,0,8.5,1042
6750,30.05,64.32,1635.0,630.4,120,14.37,0,7.7,1042
6780,36.68,64.76,2019.3,657.2,173,17.28,0,8.7,1042
6810,37.61,64.50,1819.5,692.2,155,14.36,0,9.2,1042
6840,33.63,64.94,1827.3,565.5,148,11.55,0,9.3,1042
6870,36.17,65.45,1591.6,446.9,149,15.96,0,8.8,1042
6900,34.19,65.69,1811.7,741.4,110,14.66,0,8.9,1042
6930,32.94,65.48,1989.1,727.0,216,15.53,0,8.7,1042
6960,38.37,65.26,1719.6,583.3,184,20.94,0,9.0,1042
6990,39.86,65.29,2005.2,772.7,182,16.77,0,10.0,1042
7020,39.99,65.37,1675.9,646.6,155,19.51,0,10.8,1042
7050,37.31,65.79,1862.1,563.4,131,21.04,0,10.7,1042
7080,37.02,66.17,1975.2,811.8,272,19.67,0,9.8,1042
7110,42.52,66.11,1780.0,648.5,226,17.23,1,9.2,1042
7140,39.14,66.39,1729.5,535.8,217,17.42,0,9.9,1042
7170,37.77,66.55,2019.1,550.9,296,17.24,0,9.7,1042
7200,41.31,67.04,2104.8,724.1,269,19.30,0,9.4,1042
7230,43.15,67.21,1706.2,581.2,259,19.39,0,9.0,1042
7260,41.26,67.22,1707.8,669.6,299,19.80,0,8.3,1042
7290,43.95,67.74,1907.6,581.0,219,23.37,0,9.2,1042
7320,44.80,67.51,1851.1,659.8,246,22.82,0,9.9,1042
7350,39.56,67.60,1895.6,773.9,292,16.44,0,9.9,1042
7380,46.53,67.32,1897.8,615.9,325,21.38,0,9.9,1042
7410,43.15,67.33,1809.2,617.3,240,21.85,0,8.8,1042
7440,45.42,67.00,1712.5,681.3,336,25.68,0,8.8,1042
7470,47.67,66.73,2105.5,739.3,258,23.99,0,8.0,1042
7500,43.38,67.15,1706.2,579.1,299,23.40,0,8.5,1042
7530,45.74,67.42,1940.2,795.7,353,23.44,0,8.1,1042
7560,43.31,67.78,1644.1,596.6,322,17.54,0,7.9,1042
7590,44.25,67.53,2043.9,725.1,405,18.61,0,8.0,1042
7620,48.99,67.35,2084.8,575.2,279,23.52,0,8.6,1042
7650,44.30,67.42,1785.2,685.2,299,22.30,0,8.0,1042
7680,51.91,67.53,1997.4,591.3,427,23.09,0,7.0,1042
7710,50.22,67.50,1647.1,492.9,385,25.47,0,7.4,1042
7740,46.57,67.76,1787.0,650.8,392,20.51,0,6.6,1042
7770,49.31,67.45,2037.6,615.9,359,27.69,1,7.1,1042
7800,53.32,67.86,2085.7,839.6,386,26.77,0,8.0,1042
7830,49.49,68.14,1919.1,704.9,433,28.10,0,6.9,1042
7860,52.88,68.05,1777.7,688.6,403,30.09,0,6.0,1042
7890,48.99,68.43,1722.9,532.6,394,22.13,0,7.0,1042
7920,52.55,68.44,1980.8,802.7,461,30.35,0,7.0,1042
7950,48.19,68.21,2045.6,602.9,429,23.25,0,6.7,1042
7980,47.87,68.32,1912.7,703.5,342,23.74,0,7.4,1042
8010,49.92,68.62,2154.6,727.4,388,23.48,0,6.6,1042
8040,48.33,68.37,1681.7,678.9,379,21.08,0,6.6,1042
8070,50.07,68.31,1744.2,525.4,331,24.48,0,5.4,1042
8100,48.29,68.53,1733.3,701.9,436,25.76,0,5.3,1042
8130,48.10,68.67,2161.6,932.0,383,26.22,0,5.6,1042
8160,55.19,69.15,2071.7,753.2,345,26.82,0,4.6,1042
8190,50.19,69.07,2044.6,723.0,446,23.78,0,5.1,1042
8220,51.62,69.36,2005.6,620.8,342,22.25,0,4.7,1042
8250,53.01,69.52,2101.7,826.3,399,30.41,0,4.8,1042
8280,54.04,69.49,2098.0,750.8,368,25.71,0,4.1,1042
8310,48.62,69.91,2087.6,672.0,457,22.63,0,3.5,1042
8340,49.74,69.93,1988.4,763.3,382,22.83,0,4.5,1042
8370,53.75,69.89,1996.8,667.8,409,27.66,0,4.3,1042
8400,49.56,69.77,1934.6,689.0,353,22.72,0,5.1,1042
8430,52.62,69.83,1983.1,760.5,442,27.27,0,5.1,1042
8460,46.74,69.74,2015.6,691.7,309,22.37,0,5.5,1042
8490,47.06,70.23,1732.4,677.9,354,20.66,0,4.9,1042
8520,46.10,70.24,1907.3,633.1,363,26.50,0,3.9,1042
8550,47.39,70.06,1941.2,795.5,338,27.32,0,3.2,1042
8580,51.85,70.56,1769.3,574.2,316,24.07,0,4.3,1042
8610,46.95,70.32,1893.8,615.5,381,23.03,0,5.3,1042
8640,46.67,70.49,2011.6,623.0,393,21.56,0,4.7,1042
8670,46.72,70.82,2029.2,712.6,281,22.18,0,3.6,1042
8700,49.73,71.21,1688.3,700.5,337,28.04,0,2.6,1042
8730,50.64,71.59,2159.6,721.9,338,26.55,0,2.7,1042
8760,48.49,71.60,1824.1,515.8,271,21.59,0,2.8,1042
8790,48.59,71.90,1954.8,662.4,261,23.30,0,2.1,1042
8820,47.34,72.15,2017.0,682.4,355,24.37,0,0.9,1042
8850,45.26,72.36,2028.3,793.1,296,22.56,0,0.2,1042
8880,43.64,72.86,1735.2,683.4,319,24.24,0,0.0,1042
8910,45.60,72.74,1785.7,529.8,202,21.62,0,0.2,1042
8940,43.81,72.51,1910.3,718.8,219,22.94,0,0.0,1042
8970,46.73,73.05,2142.1,891.5,239,20.23,0,0.9,1042
9000,47.06,72.93,1906.1,725.9,176,22.79,0,0.9,1042
9030,44.47,72.96,1735.6,461.3,207,21.70,0,0.0,1042
9060,44.76,72.81,1781.0,522.1,257,22.98,0,0.0,1042
9090,38.50,72.50,1930.7,782.8,198,21.99,0,0.6,1042
9120,43.29,72.54,1712.1,562.6,189,20.37,0,0.1,1042
9150,40.52,72.81,1788.9,615.8,256,22.08,0,0.0,1042
9180,37.28,73.24,2111.1,629.9,152,15.78,0,1.1,1042
9210,43.75,73.05,2053.2,624.5,197,24.04,0,1.0,1042
9240,41.79,73.47,1802.5,681.0,109,21.79,0,1.7,1042
9270,39.86,73.16,2207.5,779.5,111,15.70,0,1.1,1042
9300,41.05,72.90,2136.8,787.0,97,17.60,0,0.5,1042
9330,42.55,72.68,2197.8,842.1,114,22.71,0,0.7,1042
9360,39.21,72.51,2225.8,632.7,123,14.93,0,1.6,1042
9390,36.02,72.77,1875.7,669.8,121,16.77,0,1.5,1042
9420,40.82,73.26,1842.0,664.4,84,18.29,0,1.6,1042
9450,35.90,73.49,2105.5,594.7,85,20.29,0,0.9,1042
9480,40.64,73.20,2148.1,884.5,98,19.07,0,2.1,1042
9510,39.91,73.51,2195.1,838.4,109,15.04,0,2.1,1042
9540,39.89,73.46,1860.3,622.9,124,17.92,0,2.5,1042
9570,37.25,73.94,2043.4,659.1,111,18.73,1,2.6,1042
9600,33.09,73.71,1950.3,675.1,117,11.30,0,2.4,1042
9630,34.76,73.98,2230.2,864.2,28,16.86,0,3.5,1042
9660,33.13,74.32,2118.6,862.7,80,15.02,0,3.7,1042
9690,38.46,74.15,2239.7,775.0,75,15.15,0,4.8,1042
9720,37.58,74.37,1746.0,625.5,54,18.79,0,5.1,1042
9750,35.66,74.55,2085.4,698.3,126,20.26,0,4.7,1042
9780,34.81,74.40,1917.4,834.7,79,14.48,0,5.6,1042
9810,37.43,74.95,2038.3,769.2,60,16.38,1,7.1,1042
9840,32.54,75.33,1861.9,738.3,30,13.88,0,8.3,1042
9870,35.27,75.77,1818.2,533.6,40,19.30,0,9.0,1042
9900,32.52,75.89,1996.7,579.9,30,13.99,0,9.0,1042
9930,38.22,75.67,2068.3,707.1,141,19.47,0,8.9,1042
9960,32.22,75.86,1973.3,829.4,13,12.86,0,10.1,1042
9990,32.12,76.00,2090.5,569.4,137,16.97,0,10.9,1042
10020,39.30,75.72,2182.3,766.5,87,21.10,0,11.5,1042
10050,38.01,75.75,1974.0,569.4,113,20.17,0,12.7,1042
10080,36.22,75.69,1997.0,735.6,46,16.41,0,11.7,1042
10110,35.51,75.50,1910.0,708.8,25,14.72,0,12.2,1042
10140,35.47,75.83,1879.5,561.2,123,15.70,0,11.0,1042
10170,34.77,76.02,2255.5,828.5,53,15.17,0,12.0,1042
10200,36.87,75.71,1749.0,500.4,127,19.50,0,12.2,1042
10230,39.70,75.64,2260.5,665.9,43,15.07,0,13.0,1042
10260,37.26,75.76,1885.1,697.7,44,20.67,0,13.0,1042
10290,38.25,76.01,1880.3,514.7,149,14.16,0,13.5,1042
10320,41.40,76.07,2176.7,659.7,62,21.13,0,12.5,1042
10350,41.92,76.10,1999.7,617.3,143,17.98,0,11.5,1042
10380,37.44,75.89,1834.0,558.3,87,20.59,0,11.0,1042
10410,40.14,76.24,1846.5,693.6,161,18.57,0,11.1,1042
10440,38.74,76.13,1838.0,776.4,181,19.99,0,10.2,1042
10470,43.63,76.13,2133.7,907.9,218,21.41,0,9.7,1042
10500,43.23,76.51,1967.8,709.7,172,23.64,0,8.6,1042
10530,42.39,76.21,2258.5,957.6,147,23.01,0,8.7,1042
10560,39.94,75.90,2231.1,592.3,210,22.48,0,8.6,1042
10590,43.86,75.91,1798.3,501.0,179,22.52,0,8.6,1042
10620,40.68,76.43,1779.5,693.3,235,21.53,0,8.2,1042
10650,40.31,76.87,2232.8,783.4,207,17.76,0,8.4,1042
10680,47.38,77.28,2203.0,767.0,275,19.89,0,8.0,1042
10710,45.57,77.18,2250.6,705.4,247,22.73,0,8.7,1042
10740,41.84,77.34,1939.6,728.7,274,22.65,0,9.6,1042
10770,42.74,77.75,1902.4,605.1,263,21.15,0,8.5,1042
10800,47.36,78.08,1933.1,696.2,279,25.18,0,8.3,1042
10830,43.16,77.99,2214.4,855.0,271,23.94,0,8.5,1042
10860,45.56,78.47,2187.6,643.6,319,18.53,0,8.5,1042
10890,48.46,78.60,2069.2,758.1,300,20.44,0,9.1,1042
10920,43.87,79.00,2012.2,695.4,301,23.30,0,9.0,1042
10950,48.52,79.26,1805.6,499.6,326,24.76,0,10.1,1042
10980,49.71,79.62,2049.3,685.4,252,25.98,0,11.0,1042
11010,50.92,80.07,1989.3,686.4,361,23.52,0,11.1,1042
11040,52.12,79.84,1810.3,667.6,268,24.48,0,11.8,1042
11070,48.14,80.25,2068.2,673.5,252,24.79,0,11.5,1042
11100,47.66,80.01,2074.3,750.1,382,25.85,0,11.8,1042
11130,46.96,80.04,2091.3,751.5,397,20.18,0,11.4,1042
11160,52.47,79.90,2248.5,884.9,357,27.62,0,10.8,1042
11190,49.83,80.40,2070.2,664.7,273,28.51,0,9.7,1042
11220,49.31,80.12,2169.6,679.0,406,24.37,0,8.8,1042
11250,49.08,80.15,2285.8,709.1,359,26.01,0,8.6,1042
11280,51.46,80.64,2107.1,797.1,328,23.88,0,8.4,1042
11310,51.67,80.48,2062.5,608.3,328,26.66,0,8.4,1042
11340,49.89,80.47,1917.8,736.5,423,21.06,0,9.1,1042
11370,51.79,80.78,2035.0,860.3,395,27.18,0,9.8,1042
11400,53.62,80.53,2262.3,799.1,440,28.84,0,9.8,1042
11430,56.87,80.65,1871.2,650.2,425,32.17,0,9.0,1042
11460,57.20,80.74,2280.7,836.1,374,25.89,0,8.8,1042
11490,54.84,81.04,1943.1,572.9,347,30.16,0,9.4,1042
11520,52.76,81.49,1948.7,780.5,366,27.72,0,10.0,1042
11550,53.59,81.65,1961.3,724.7,378,27.63,0,10.3,1042
11580,51.63,81.47,1954.1,761.1,386,28.88,0,9.3,1042
11610,52.32,81.21,1844.7,772.1,429,30.06,0,9.7,1042
11640,54.31,80.98,2234.3,649.6,455,27.33,0,10.8,1042
11670,53.08,81.10,1826.3,591.1,447,30.05,0,9.9,1042
11700,58.32,81.22,2007.3,801.4,396,29.52,0,9.5,1042
11730,57.20,81.20,2038.8,819.1,383,33.23,0,9.4,1042
11760,57.83,81.68,2240.0,737.1,410,25.79,0,8.9,1042
11790,56.69,81.47,2159.5,598.0,428,26.12,0,8.3,1042
11820,52.65,81.23,1955.6,765.1,374,27.77,0,7.9,1042
11850,59.23,81.61,2189.5,878.8,377,27.72,0,7.9,1042
11880,52.58,81.58,2035.8,555.2,382,25.24,0,8.8,1042
11910,58.42,81.60,2141.4,821.4,355,30.33,0,9.3,1042
11940,55.30,82.13,2150.6,683.8,349,27.17,0,9.7,1042
11970,58.15,82.07,2042.0,749.8,444,33.71,0,8.5,1042
12000,56.30,82.40,2266.1,956.2,320,32.57,0,7.5,1042
12030,57.32,82.70,1951.2,621.0,387,30.39,0,8.7,1042
12060,51.89,82.80,1917.7,684.9,418,29.02,0,9.9,1042
12090,55.32,82.64,2023.6,569.0,359,27.66,0,9.1,1042
12120,54.49,82.31,2084.9,684.3,313,24.21,0,9.9,1042
12150,50.83,82.35,1954.9,546.7,343,29.09,0,11.0,1042
12180,54.24,82.02,2092.6,603.3,311,30.52,0,9.9,1042
12210,49.64,81.89,1849.8,515.7,399,26.15,0,8.8,1042
12240,56.36,81.55,2236.7,601.5,304,32.01,0,8.1,1042
12270,49.58,81.43,2236.7,957.3,309,27.20,0,9.2,1042
12300,52.02,81.17,2113.4,803.0,373,26.68,0,8.4,1042
12330,55.03,81.50,1970.7,844.3,337,24.52,0,7.4,1042
12360,52.43,81.27,2355.8,723.2,281,29.78,0,6.6,1042
12390,47.89,81.41,2272.7,709.3,320,20.25,0,5.8,1042
12420,51.10,81.90,2310.5,674.3,228,28.29,0,6.7,1042
12450,47.95,82.37,1953.5,695.8,276,20.34,1,8.0,1042
12480,52.58,82.30,2165.4,865.4,203,27.27,0,8.9,1042
12510,52.25,82.27,1939.4,737.1,257,26.65,0,8.4,1042
12540,50.25,82.29,2214.0,605.7,314,23.43,0,8.9,1042
12570,47.25,82.04,2272.3,700.4,232,19.83,0,8.3,1042
12600,47.75,82.05,1920.7,597.8,244,27.37,0,8.6,1042
12630,43.68,82.13,2319.0,875.6,247,19.89,0,8.4,1042
12660,43.88,82.00,2141.0,777.4,260,23.04,0,8.7,1042
12690,43.16,82.41,1928.6,621.2,266,20.13,0,8.2,1042
12720,43.44,82.11,2241.5,619.1,149,21.79,0,7.5,1042
12750,47.46,82.26,2331.9,737.5,190,26.19,0,6.8,1042
12780,44.78,81.97,2055.2,811.3,250,25.55,0,6.2,1042
12810,46.98,82.41,2273.7,812.8,115,22.50,0,6.4,1042
12840,47.51,82.38,1973.0,785.2,172,26.70,0,7.3,1042
12870,44.04,82.19,2283.1,752.1,225,21.93,0,7.6,1042
12900,44.75,82.54,2227.7,719.2,204,21.28,0,8.7,1042
12930,39.04,82.21,1950.5,821.2,90,15.57,0,8.4,1042
12960,41.58,82.74,2380.3,812.2,165,16.32,0,9.2,1042
12990,44.33,82.80,2052.1,561.0,128,24.05,0,9.2,1042
13020,41.52,82.82,2299.9,857.0,144,17.35,0,8.7,1042
13050,37.85,82.48,2180.1,838.0,193,16.81,0,7.7,1042
13080,42.58,82.74,2269.9,875.7,139,19.27,0,7.9,1042
13110,40.16,82.97,2333.7,961.0,110,17.99,0,6.8,1042
13140,42.20,82.65,2096.3,721.4,49,18.88,0,7.4,1042
13170,37.87,83.05,2316.8,849.1,146,16.78,0,7.8,1042
13200,43.29,83.08,2086.4,660.9,45,22.07,0,7.5,1042
13230,42.35,83.62,2066.3,744.1,84,20.21,0,7.0,1042
13260,42.20,83.45,2248.5,774.2,60,23.22,0,6.5,1042
13290,40.47,83.40,1971.5,623.6,45,18.47,0,7.3,1042
13320,41.75,83.43,1897.2,586.1,92,23.09,0,8.4,1042
13350,40.13,83.55,1951.4,548.8,115,16.44,0,8.2,1042
13380,40.19,83.47,2078.7,660.1,96,21.71,0,7.4,1042
13410,41.71,83.72,2130.6,577.9,49,16.92,0,6.6,1042
13440,42.00,83.53,1962.9,648.6,40,17.27,0,6.2,1042
13470,41.56,83.83,2382.3,943.8,116,19.30,0,5.2,1042
13500,39.66,83.85,2152.0,931.7,52,21.80,0,4.8,1042
13530,41.71,83.51,2229.8,880.0,114,16.71,0,5.5,1042
13560,37.64,83.71,1931.0,718.3,75,16.06,0,6.6,1042
13590,39.44,84.17,2181.8,748.4,111,16.69,0,7.0,1042
13620,37.97,84.19,2212.4,632.4,135,14.40,0,6.7,1042
13650,40.15,84.43,2350.9,871.8,24,15.56,0,7.5,1042
13680,39.37,84.69,2035.8,784.8,120,21.88,0,6.4,1042
13710,39.93,84.81,2114.3,842.7,133,18.66,0,6.9,1042
13740,39.29,84.52,2281.5,889.8,159,15.01,0,7.2,1042
13770,37.06,84.33,2265.1,850.2,48,18.37,0,7.8,1042
13800,41.73,84.08,1949.0,618.6,94,22.70,0,7.2,1042
13830,39.21,84.21,2333.6,730.5,69,20.33,0,7.7,1042
13860,43.88,84.42,2087.2,794.5,157,23.19,0,6.9,1042
13890,39.89,84.96,2024.4,706.4,105,19.96,0,6.6,1042
13920,43.46,85.05,2207.4,640.4,128,20.79,0,6.4,1042
13950,40.16,84.78,2320.0,902.7,151,15.42,0,5.5,1042
13980,46.33,85.10,1983.3,697.9,115,20.71,0,5.1,1042
14010,41.75,84.91,2343.6,914.6,86,22.70,0,4.8,1042
14040,43.15,84.88,2363.6,678.2,98,19.70,0,5.1,1042
14070,44.09,84.85,2291.5,683.0,211,17.71,0,5.5,1042
14100,40.32,84.96,2311.8,811.3,100,18.63,0,6.6,1042
14130,45.13,85.42,2161.1,609.4,182,21.78,0,5.7,1042
14160,43.39,85.48,2385.9,764.8,182,22.37,0,5.7,1042
14190,45.42,86.00,2187.3,787.9,229,21.62,0,4.8,1042
14220,44.12,86.48,2264.3,887.8,214,22.58,0,4.2,1042
14250,43.74,86.33,1999.9,724.4,134,24.10,0,3.4,1042
14280,46.98,86.82,2313.2,953.1,234,21.09,0,2.5,1042
14310,46.88,86.69,2323.1,797.8,248,21.33,0,1.8,1042
14340,51.98,87.11,1989.0,718.1,179,23.92,0,1.5,1042
14370,51.81,87.35,2252.7,660.3,243,24.55,0,2.5,1042
14400,45.83,87.42,2203.6,710.4,285,22.00,0,2.4,1042
14430,46.00,87.36,1965.2,563.2,288,26.53,0,1.7,1042
14460,54.00,87.53,2021.8,792.0,218,28.05,0,0.9,1042
14490,48.66,87.51,2296.3,750.0,271,26.02,0,0.8,1042
14520,48.52,87.61,1959.6,538.3,211,21.25,0,0.3,1042
14550,50.89,87.28,2127.1,648.3,255,21.89,0,0.3,1042
14580,49.45,87.49,1980.0,583.9,277,28.59,0,0.4,1042
14610,51.13,87.78,1965.4,710.6,251,25.15,0,0.0,1042
14640,49.23,87.94,2311.4,832.3,335,25.88,0,0.2,1042
14670,49.88,87.98,2097.6,756.7,372,22.61,0,0.7,1042
14700,53.08,87.76,2391.9,894.7,316,27.99,0,0.0,1042
14730,52.41,88.28,2189.8,675.7,289,26.15,0,0.0,1042
14760,53.22,88.74,2172.9,902.1,343,29.47,0,0.0,1042
14790,53.67,88.49,2344.8,967.4,391,24.53,0,0.1,1042
14820,55.93,88.32,2116.7,674.3,289,27.13,0,1.1,1042
14850,57.22,88.22,1936.4,804.9,313,27.06,0,1.9,1042
14880,54.64,88.04,2232.9,717.1,371,26.53,0,2.3,1042
14910,54.31,88.35,2067.6,732.7,414,27.76,0,2.9,1042
14940,57.50,88.36,2331.6,978.7,336,26.46,0,3.4,1042
14970,57.39,88.10,2216.2,650.9,421,32.34,0,3.3,1042
15000,57.14,88.26,2032.6,701.3,444,27.05,1,2.9,1042
15030,59.14,88.28,2403.1,863.5,452,32.03,0,3.6,1042
15060,59.58,88.04,2420.3,887.7,333,34.13,0,4.6,1042
15090,56.54,88.57,2167.1,844.2,403,32.70,0,3.4,1042
15120,54.50,88.42,2031.4,813.1,382,30.60,0,4.5,1042
15150,61.40,88.11,2130.3,728.5,381,29.13,0,4.1,1042
15180,58.21,88.27,2007.8,718.2,373,32.35,0,3.3,1042
15210,60.69,88.22,2382.8,746.5,405,34.44,0,4.3,1042
15240,62.48,88.58,2308.6,686.1,374,32.24,0,4.5,1042
15270,57.62,88.25,2291.7,826.3,398,28.13,1,4.5,1042
15300,59.76,88.63,2280.5,865.2,338,26.96,0,3.7,1042
15330,61.99,88.64,2041.8,840.7,330,35.57,0,4.8,1042
15360,60.77,89.00,2377.0,745.8,434,29.84,0,5.1,1042
15390,60.91,88.66,1954.1,645.3,427,29.24,0,5.8,1042
15420,60.21,88.93,2237.9,890.6,378,27.18,0,5.7,1042
15450,60.33,89.47,2437.1,861.9,447,29.13,0,4.6,1042
15480,57.82,89.25,2003.4,792.3,422,25.80,0,4.0,1042
15510,58.60,89.28,1962.2,771.4,361,27.10,0,4.2,1042
15540,60.58,89.66,2126.8,751.0,324,28.62,0,4.8,1042
15570,55.02,89.48,2192.9,773.3,446,30.98,0,4.1,1042
15600,56.00,89.58,1975.3,704.4,379,31.94,0,3.0,1042
15630,57.09,89.43,2030.6,762.8,343,25.90,0,3.0,1042
15660,60.20,89.54,2181.8,686.3,407,29.16,0,3.7,1042
15690,53.38,89.69,1999.6,569.8,410,30.62,0,4.3,1042
15720,59.02,89.99,2295.4,802.9,381,33.48,0,5.0,1042
15750,58.82,90.25,2185.9,646.9,416,31.20,0,4.9,1042
15780,52.23,90.73,2468.6,726.4,300,23.90,0,4.5,1042
15810,54.67,90.95,2262.3,687.4,317,30.73,0,3.6,1042
15840,51.80,91.21,2241.3,946.9,364,27.48,0,4.6,1042
15870,57.87,91.72,2200.6,769.2,301,31.50,0,5.0,1042
15900,55.40,91.79,2297.5,873.0,304,25.27,0,5.2,1042
15930,51.54,91.99,2395.1,682.7,336,26.39,0,5.2,1042
15960,52.73,91.68,2121.6,808.5,236,26.73,0,4.8,1042
15990,52.26,91.51,2402.3,674.5,253,26.64,0,4.7,1042
16020,50.47,91.19,2481.4,785.4,280,27.27,0,4.9,1042
16050,50.90,90.87,2011.6,623.8,258,22.49,0,5.0,1042
16080,48.48,90.84,2061.4,856.6,263,26.54,0,4.3,1042
16110,52.72,91.20,2212.9,660.6,260,24.66,0,5.0,1042
16140,50.03,91.25,1973.8,779.8,201,26.04,0,5.2,1042
16170,50.12,91.11,2160.8,791.2,207,23.86,0,5.1,1042
16200,53.80,90.78,2354.5,975.0,181,30.93,0,4.8,1042
16230,53.05,90.65,2280.7,718.8,169,25.70,0,4.8,1042
16260,46.67,90.84,2481.2,905.1,239,20.20,1,4.8,1042
16290,52.88,90.76,2162.8,890.0,265,29.22,0,4.8,1042
16320,47.53,90.91,2227.9,650.3,249,23.95,1,4.9,1042
16350,50.02,90.72,2160.8,828.3,139,22.28,0,4.9,1042
16380,48.58,91.25,2253.1,891.8,212,20.62,0,3.9,1042
16410,50.19,91.18,2259.4,812.0,210,24.13,0,4.8,1042
16440,47.52,90.89,2295.2,742.2,131,24.29,0,3.7,1042
16470,48.19,91.32,2377.3,703.1,225,27.09,0,3.7,1042
16500,45.85,91.08,2246.4,794.8,228,25.21,0,3.3,1042
16530,41.83,91.35,2469.3,774.2,102,16.81,0,3.9,1042
16560,41.28,91.75,2095.8,618.4,140,16.39,0,4.5,1042
16590,42.75,91.56,2361.6,742.5,109,20.35,0,4.0,1042
16620,40.76,91.37,2197.7,632.8,162,21.44,1,3.3,1042
16650,42.01,91.66,2215.5,680.9,69,16.89,0,3.4,1042
16680,44.15,67.81,2000.6,769.8,101,21.59,0,2.8,1042
16710,44.55,67.62,2458.3,918.3,178,24.44,0,2.7,1042
16740,40.77,67.53,2143.1,850.1,154,19.34,0,2.8,1042
16770,47.07,67.66,2268.2,714.5,135,24.36,0,2.2,1042
16800,43.72,67.67,2316.7,977.9,77,17.31,0,2.5,1042
16830,42.67,68.21,2313.9,796.7,74,24.44,0,2.3,1042
16860,43.77,68.60,2420.6,685.3,48,17.42,0,3.2,1042
16890,43.02,68.60,2493.3,998.6,127,18.79,0,4.2,1042
16920,44.35,68.67,2477.4,888.3,137,18.52,0,4.7,1042
16950,45.67,68.60,2443.1,987.3,48,22.21,0,3.5,1042
16980,43.31,68.90,2194.9,937.7,76,21.22,0,4.1,1042
17010,38.96,69.21,2266.1,824.3,149,21.56,0,4.1,1042
17040,38.60,69.18,2448.8,877.3,112,19.36,0,3.9,1042
17070,43.21,69.68,2022.1,533.0,104,23.45,0,4.2,1042
17100,44.63,70.10,2145.3,754.8,113,20.46,0,4.6,1042
17130,40.04,70.44,2129.2,824.7,29,20.98,0,5.2,1042
17160,43.78,70.13,2077.4,817.1,59,19.51,0,5.3,1042
17190,42.44,70.34,2286.5,717.4,21,19.76,0,5.0,1042
17220,40.89,70.38,2336.1,871.4,117,20.68,0,4.9,1042
17250,39.90,70.40,2331.2,662.7,74,21.06,0,5.3,1042
17280,45.24,70.40,2066.4,689.9,57,23.57,0,4.1,1042
17310,41.29,70.92,2356.3,780.5,93,22.32,1,5.5,1042
17340,41.84,70.77,2333.3,901.0,26,23.37,0,4.8,1042
17370,41.50,70.58,2157.7,626.6,125,23.36,0,5.7,1042
17400,39.23,70.77,2232.8,643.1,112,16.83,0,6.3,1042
17430,41.54,71.16,2255.6,948.3,168,22.85,0,5.8,1042
17460,43.41,71.22,2351.8,683.8,155,19.28,0,5.7,1042
17490,43.49,71.41,2250.4,811.0,108,20.78,0,5.2,1042
17520,47.03,71.27,2495.3,891.2,131,23.48,1,4.9,1042
17550,40.73,71.41,2240.7,883.9,91,22.44,0,4.5,1042
17580,41.59,71.58,2051.5,678.4,68,20.99,0,4.0,1042
17610,42.39,72.08,2108.3,620.8,191,20.12,0,3.7,1042
17640,42.47,72.44,2258.5,745.3,88,20.17,0,3.0,1042
17670,49.21,72.24,2482.7,736.3,193,26.52,0,4.1,1042
17700,44.84,72.08,2433.5,968.4,95,19.45,0,3.0,1042
17730,45.68,72.25,2318.2,818.4,226,25.62,0,3.6,1042
17760,50.24,71.93,2424.6,828.6,243,24.44,0,4.3,1042
17790,46.97,72.42,2043.9,697.6,251,26.61,0,3.6,1042
17820,47.59,72.31,2354.1,848.5,221,22.86,0,2.5,1042
17850,49.83,72.59,2288.7,628.0,149,22.52,0,2.6,1042
17880,48.71,72.93,2039.3,572.6,159,24.18,0,3.3,1042
17910,47.62,72.84,2386.4,958.0,216,20.63,0,2.1,1042
17940,49.19,72.78,2297.9,770.3,236,22.87,1,3.2,1042
17970,51.84,72.85,2158.2,853.1,183,28.80,0,2.9,1042
18000,51.56,72.83,2135.8,626.4,184,24.00,0,3.6,1042
18030,48.05,73.22,2465.4,734.6,318,24.13,0,3.3,1042
18060,51.04,73.37,2301.6,770.2,189,27.71,0,4.0,1042
18090,55.13,73.27,2321.0,871.7,296,26.73,0,4.1,1042
18120,52.24,73.05,2014.8,759.7,291,26.94,0,4.5,1042
18150,54.03,73.56,2310.5,795.0,308,31.07,0,3.4,1042
18180,51.34,73.80,2470.5,776.5,316,28.51,0,2.5,1042
18210,55.39,74.17,2353.7,966.4,291,32.18,0,3.2,1042
18240,51.17,74.32,2366.8,831.3,336,28.87,0,2.8,1042
18270,56.16,74.34,2141.4,642.8,331,30.74,0,1.6,1042
18300,52.67,74.84,2477.8,707.4,363,25.86,0,0.8,1042
18330,57.71,74.94,2298.2,739.8,260,28.78,0,0.3,1042
18360,58.13,75.24,2432.1,857.2,353,32.26,0,0.6,1042
18390,56.47,75.33,2452.2,758.4,288,32.38,0,0.0,1042
18420,58.74,75.87,2219.6,940.0,384,26.48,0,0.9,1042
18450,56.09,75.78,2507.0,1034.1,421,31.00,0,2.0,1042
18480,60.17,75.47,2135.6,764.4,297,29.40,0,1.9,1042
18510,60.19,75.87,2127.5,600.3,339,34.33,0,1.1,1042
18540,61.60,75.63,2531.6,1061.3,325,32.85,0,1.6,1042
18570,58.37,75.40,2024.1,556.9,411,30.14,0,1.9,1042
18600,62.54,75.11,2465.1,825.2,403,30.69,0,2.2,1042
18630,58.58,75.17,2358.5,773.7,395,27.83,0,1.8,1042
18660,59.10,75.20,2280.6,818.9,434,27.48,0,1.3,1042
18690,61.46,75.54,2179.8,778.9,327,34.17,0,1.2,1042
18720,62.05,76.03,2123.8,865.6,336,33.45,0,1.9,1042
18750,57.61,76.58,2393.0,849.5,389,31.52,0,2.3,1042
18780,57.21,76.52,2086.0,694.8,381,26.42,0,1.9,1042
18810,60.24,76.84,2509.1,1015.9,452,30.05,0,2.6,1042
18840,63.05,77.34,2144.3,798.7,449,36.62,0,2.7,1042
18870,60.73,77.17,2314.8,741.1,411,31.22,0,3.8,1042
18900,64.27,77.27,2399.9,821.3,349,33.56,0,3.9,1042
18930,63.52,77.78,2163.5,802.9,430,31.05,0,2.9,1042
18960,60.65,77.86,2497.7,821.7,329,32.00,0,3.8,1042
18990,62.67,78.20,2223.6,621.0,394,32.30,0,2.9,1042
19020,58.14,78.53,2270.7,643.2,364,29.29,0,2.9,1042
19050,56.32,78.35,2145.4,675.5,326,30.03,0,3.4,1042
19080,58.86,78.84,2196.7,822.2,421,31.86,0,2.7,1042
19110,62.65,79.18,2499.3,1002.9,341,33.43,0,2.0,1042
19140,63.33,79.71,2106.5,737.0,381,34.30,0,1.6,1042
19170,63.27,79.38,2450.8,968.7,445,29.84,0,1.1,1042
19200,56.51,79.45,2387.0,933.8,440,28.89,0,0.0,1042
19230,60.33,79.60,2470.3,1048.7,430,29.79,0,0.7,1042
19260,58.13,79.31,2180.0,879.5,396,29.59,0,0.8,1042
19290,60.37,79.80,2066.5,667.8,429,34.75,0,1.1,1042
19320,59.87,80.12,2542.2,1063.2,363,31.75,0,2.2,1042
19350,61.88,80.37,2144.8,590.9,423,29.37,0,2.8,1042
19380,54.63,80.15,2462.6,750.1,304,30.70,0,1.6,1042
19410,56.92,79.92,2104.8,604.4,332,31.05,0,1.8,1042
19440,56.01,80.25,2065.5,779.3,356,24.98,0,2.2,1042
19470,59.05,79.97,2266.1,670.3,264,28.92,0,2.5,1042
19500,56.71,79.83,2282.0,933.5,390,25.91,0,2.4,1042
19530,59.77,80.11,2388.1,704.8,283,34.66,0,3.5,1042
19560,57.80,80.22,2351.7,794.1,292,30.83,0,4.2,1042
19590,53.47,79.88,2266.7,839.1,308,28.62,0,3.2,1042
19620,52.18,79.55,2168.3,719.1,282,28.41,0,3.3,1042
19650,55.31,79.69,2074.3,832.6,270,30.83,0,3.3,1042
19680,49.98,79.40,2353.9,777.3,283,28.98,0,4.1,1042
19710,54.21,79.76,2310.8,821.3,215,31.30,0,3.2,1042
19740,56.22,79.91,2037.2,617.4,270,30.09,0,3.4,1042
19770,50.85,80.15,2081.8,861.4,281,21.63,0,2.9,1042
19800,51.98,79.94,2314.9,912.1,294,25.06,0,3.3,1042
19830,52.94,80.11,2174.9,661.1,299,25.88,0,3.4,1042
19860,48.40,79.99,2145.7,583.1,220,27.75,0,3.3,1042
19890,46.65,80.14,2540.0,732.2,180,25.30,0,3.3,1042
19920,50.34,80.22,2115.4,789.7,255,29.06,0,2.9,1042
19950,48.16,80.65,2433.4,763.8,222,21.24,0,4.0,1042
19980,49.03,80.75,2379.8,784.9,182,25.82,0,4.1,1042
20010,47.64,81.02,2255.4,785.5,165,24.33,0,3.9,1042
20040,45.40,80.73,2436.0,911.1,218,18.66,0,4.2,1042
20070,46.52,80.40,2097.8,861.7,134,20.15,0,5.3,1042
20100,43.84,80.49,2199.1,673.5,204,25.16,0,5.9,1042
20130,46.89,80.40,2509.3,929.4,216,24.21,0,6.2,1042
20160,45.15,80.68,2310.6,752.2,131,24.18,0,7.2,1042
20190,49.40,80.92,2478.0,793.6,137,28.09,0,7.0,1042
20220,47.50,80.66,2177.6,808.2,119,20.80,0,6.8,1042
20250,46.87,81.05,2443.1,1017.9,159,23.51,0,7.1,1042
20280,47.55,80.85,2194.0,692.7,122,26.46,0,7.9,1042
20310,46.34,80.72,2081.8,825.0,102,23.06,0,9.0,1042
20340,41.72,81.24,2310.1,956.3,48,23.07,0,8.2,1042
20370,41.99,81.50,2245.7,806.3,160,23.65,0,8.8,1042
20400,41.53,81.46,2520.7,940.5,86,16.39,1,9.2,1042
20430,41.21,81.71,2151.5,894.6,85,16.85,0,9.0,1042
20460,46.91,82.04,2269.1,877.6,122,26.97,0,8.5,1042
20490,44.08,82.45,2338.9,683.5,33,20.73,0,9.4,1042
20520,47.17,82.57,2208.4,731.0,110,21.20,0,9.8,1042
20550,43.27,82.25,2270.0,764.1,70,20.66,0,9.7,1042
20580,42.69,82.71,2194.1,697.5,126,22.82,0,10.1,1042
20610,42.19,83.07,2159.4,819.5,121,24.13,0,11.0,1042
20640,39.32,83.48,2456.0,863.9,117,22.31,0,11.6,1042
20670,45.89,83.26,2207.2,924.8,84,24.09,0,11.1,1042
20700,40.89,83.35,2381.2,750.0,35,21.64,0,10.2,1042
20730,40.31,83.41,2186.5,651.5,11,20.39,0,9.6,1042
20760,41.18,83.69,2064.2,631.3,78,22.24,0,8.5,1042
20790,43.61,83.84,2284.7,859.3,127,24.60,0,8.1,1042
20820,41.82,84.25,2202.1,807.3,124,20.31,0,8.7,1042
20850,39.61,83.98,2446.6,714.4,108,20.69,0,9.0,1042
20880,42.23,84.42,2503.1,903.7,38,20.33,0,9.4,1042
20910,43.52,84.42,2155.9,804.4,37,22.66,0,10.1,1042
20940,46.05,84.58,2123.8,793.6,53,22.15,0,11.2,1042
20970,40.48,84.30,2179.4,857.9,134,17.77,0,10.8,1042
21000,45.35,84.24,2065.5,673.4,82,21.31,0,11.1,1042
21030,47.10,84.57,2150.4,868.0,85,26.38,0,10.5,1042
21060,42.00,84.90,2268.8,796.6,109,18.94,1,11.6,1042
21090,46.38,84.68,2456.1,868.6,86,26.16,0,10.9,1042
21120,48.58,84.94,2486.5,1055.5,135,22.56,0,11.2,1042
21150,48.83,84.77,2518.5,994.9,125,20.32,0,12.1,1042
21180,43.76,84.46,2063.7,881.6,135,25.09,0,12.8,1042
21210,46.35,84.36,2225.2,922.5,162,22.19,1,13.9,1042
21240,45.14,84.39,2114.9,716.5,181,18.72,0,13.1,1042
21270,45.54,84.35,2041.8,724.4,191,25.44,0,12.8,1042
21300,48.02,84.12,2556.1,719.1,149,22.07,0,13.9,1042
21330,48.26,84.27,2389.4,839.1,235,25.98,0,13.6,1042
21360,48.16,84.39,2465.4,934.2,165,24.94,0,14.1,1042
21390,50.16,84.80,2040.3,775.0,199,26.12,0,14.9,1042
21420,47.93,85.17,2448.9,789.1,247,24.89,0,15.2,1042
21450,47.89,85.25,2475.3,780.5,220,22.38,0,14.7,1042
21480,46.39,85.03,2397.2,927.8,171,19.77,0,13.9,1042
21510,49.47,84.82,2395.6,741.1,189,27.02,0,13.6,1042
21540,53.73,84.57,2544.8,821.4,172,27.54,0,14.6,1042
21570,54.94,85.07,2558.8,966.5,284,30.94,0,15.3,1042
21600,50.43,84.93,2188.5,634.4,235,23.59,0,16.3,1042
21630,50.46,84.78,2498.3,1036.4,212,26.60,0,15.6,1042
21660,50.80,84.85,2386.0,766.1,209,26.53,0,14.6,1042
21690,51.92,85.29,2113.9,693.1,198,28.92,0,14.6,1042
21720,50.70,85.36,2093.7,777.9,257,26.95,0,14.8,1042
21750,53.91,85.49,2080.6,808.5,274,30.32,0,14.6,1042
21780,53.26,85.98,2345.4,697.7,310,22.97,0,14.6,1042
21810,58.34,86.38,2469.7,715.0,256,33.76,0,15.8,1042
21840,55.24,86.54,2274.1,663.2,247,30.93,0,15.2,1042
21870,53.91,86.60,2155.0,691.4,366,26.65,0,16.1,1042
21900,59.80,86.39,2271.3,797.7,359,27.09,0,15.8,1042
21930,54.28,86.92,2193.3,807.2,278,28.84,0,15.0,1042
21960,58.20,86.91,2234.6,785.9,265,32.57,0,14.5,1042
21990,58.59,87.10,2261.9,763.2,276,26.66,0,15.6,1042
22020,54.90,86.98,2193.8,913.0,392,29.84,0,16.6,1042
22050,55.89,86.74,2410.6,904.1,346,31.66,1,17.4,1042
22080,55.59,52.96,2223.2,770.1,407,27.21,0,16.7,1042
22110,56.86,53.41,2151.7,868.1,330,30.01,0,17.1,1042
22140,60.39,53.89,2232.6,659.9,322,31.45,0,18.2,1042
22170,59.60,53.91,2299.7,958.5,339,29.48,0,18.6,1042
22200,62.53,53.99,2080.0,687.6,406,34.08,0,18.8,1042
22230,63.75,53.89,2554.2,815.1,389,29.78,0,19.0,1042
22260,58.34,53.61,2116.7,728.7,368,27.91,0,20.1,1042
22290,58.96,54.09,2071.4,784.7,321,34.33,0,19.6,1042
22320,63.98,54.57,2370.0,808.8,399,34.26,0,20.5,1042
22350,64.02,54.98,2513.4,995.0,433,34.94,0,19.8,1042
22380,60.22,55.16,2170.5,830.7,456,30.66,0,19.7,1042
22410,59.48,55.35,2517.9,981.7,459,33.80,0,19.0,1042
22440,58.39,55.27,2147.9,779.5,443,31.77,0,19.5,1042
22470,57.86,55.81,2393.2,784.4,374,27.37,0,19.5,1042
22500,63.83,56.28,2088.7,671.8,424,30.13,0,19.6,1042
22530,59.29,56.67,2415.6,1002.1,420,33.31,0,19.7,1042
22560,59.68,56.49,2057.9,813.9,439,32.13,0,19.8,1042
22590,57.07,56.81,2041.2,712.4,436,29.98,0,18.6,1042
22620,62.97,57.24,2117.4,693.4,328,36.46,0,19.5,1042
22650,58.27,57.41,2089.1,630.9,369,32.02,0,20.0,1042
22680,59.80,57.62,2133.8,627.8,390,33.49,0,20.3,1042
22710,61.43,57.45,2404.9,699.4,346,29.66,0,19.3,1042
22740,59.75,57.99,2144.5,732.8,411,33.32,0,19.0,1042
22770,58.96,57.65,2465.1,965.4,435,30.73,0,19.8,1042
22800,61.53,58.16,2542.4,760.2,332,33.96,0,18.6,1042
22830,55.97,58.56,2483.2,938.9,389,28.43,1,19.7,1042
22860,55.37,59.00,2106.7,591.1,349,24.69,0,20.6,1042
22890,61.71,58.76,2073.3,616.9,339,30.71,0,20.4,1042
22920,58.82,58.85,2199.4,765.0,338,33.61,0,20.1,1042
22950,60.10,59.07,2086.6,666.2,331,34.63,0,19.3,1042
22980,57.89,59.10,2228.6,888.6,296,27.81,0,19.2,1042
23010,59.37,59.62,2142.9,715.7,399,32.96,0,19.9,1042
23040,54.41,59.64,2238.5,865.0,349,26.44,0,19.0,1042
23070,54.28,59.84,2391.6,664.7,267,26.72,0,18.1,1042
23100,59.45,60.12,2514.1,1027.9,290,29.94,0,17.2,1042
23130,54.97,60.27,2539.5,971.5,305,30.32,0,17.0,1042
23160,59.40,60.61,2487.2,938.6,257,32.57,0,16.0,1042
23190,51.97,60.55,2339.2,861.4,323,30.03,0,15.3,1042
23220,54.54,60.85,2333.2,942.5,229,29.33,0,14.5,1042
23250,51.68,60.53,2521.7,835.9,312,26.76,0,15.6,1042
23280,53.12,60.45,2314.0,948.0,332,28.02,0,15.9,1042
23310,54.20,60.30,2360.8,855.2,281,29.42,0,15.5,1042
23340,50.04,60.64,2271.3,751.0,230,26.07,0,15.2,1042
23370,55.66,60.51,2482.3,769.3,195,29.04,0,15.5,1042
23400,48.67,60.86,2035.3,869.3,284,21.03,0,14.3,1042
23430,50.50,61.16,2225.3,816.2,283,22.23,0,15.1,1042
23460,49.58,61.13,2473.3,839.1,251,24.66,0,16.0,1042
23490,49.96,60.98,2407.5,804.5,163,26.45,0,16.6,1042
23520,47.93,61.00,2322.6,840.9,265,22.47,0,15.5,1042
23550,47.59,60.83,2483.0,939.4,142,24.30,0,16.2,1042
23580,47.17,60.68,2222.3,757.2,246,25.73,0,17.0,1042
23610,51.74,60.62,2531.2,767.5,201,28.67,0,17.6,1042
23640,46.97,60.54,2535.7,910.6,137,25.33,0,16.9,1042
23670,51.10,60.77,2543.4,905.3,175,27.35,0,18.0,1042
23700,49.09,60.90,2364.0,749.4,165,20.77,0,18.7,1042
23730,48.20,61.27,2454.7,950.5,200,26.22,0,18.4,1042
23760,43.58,61.66,2085.7,727.8,90,21.46,0,17.6,1042
23790,49.69,62.19,2459.6,752.5,135,22.03,0,18.6,1042
23820,49.49,61.85,2221.7,713.2,145,24.63,0,19.7,1042
23850,45.47,62.37,2469.6,727.9,182,23.71,0,19.5,1042
23880,44.81,62.02,2448.8,991.1,125,22.94,0,18.7,1042
23910,45.34,62.01,2087.9,762.2,76,21.67,0,18.5,1042
23940,45.58,61.98,2161.9,854.3,50,26.18,0,18.5,1042
23970,47.18,62.31,2259.5,672.4,165,24.40,0,17.8,1042
24000,40.77,62.00,2211.0,770.1,51,23.07,0,18.5,1042
24030,44.20,62.16,2255.6,706.5,92,21.24,0,17.5,1042
24060,41.29,62.00,2517.5,843.1,52,16.15,0,16.4,1042
24090,41.84,61.74,2199.8,667.6,76,21.48,0,16.7,1042
24120,41.87,62.09,2356.2,754.6,114,20.54,0,17.1,1042
24150,46.71,61.83,2131.0,756.1,142,26.73,0,16.3,1042
24180,41.98,61.72,2142.0,738.4,110,24.02,0,16.6,1042
24210,46.55,62.01,2279.9,703.1,135,22.80,0,16.9,1042
24240,39.59,61.78,2169.6,631.9,30,15.84,0,16.3,1042
24270,45.23,61.66,2481.5,914.4,95,26.10,0,15.3,1042
24300,45.51,61.45,2530.4,921.6,86,24.20,0,16.0,1042
24330,41.67,61.11,2349.5,768.8,147,20.88,0,16.1,1042
24360,45.90,61.51,2142.1,683.2,71,21.65,0,14.9,1042
24390,39.34,62.02,2198.1,584.2,87,15.06,0,16.0,1042
24420,41.36,62.33,2216.2,733.9,15,20.00,0,17.1,1042
24450,40.24,62.52,2133.3,840.8,147,19.26,0,16.2,1042
24480,41.19,63.02,2365.6,656.5,36,17.28,0,16.7,1042
24510,42.42,63.49,2260.2,735.3,131,17.06,0,17.0,1042
24540,47.18,63.89,2115.4,617.8,128,26.84,0,17.9,1042
24570,42.48,63.55,2362.2,935.0,157,22.26,0,18.1,1042
24600,43.00,63.68,2374.2,946.5,46,20.79,0,19.0,1042
24630,44.67,63.34,2068.7,577.8,119,18.88,0,19.0,1042
24660,40.21,63.46,2028.2,765.9,64,19.17,1,20.6,1042
24690,43.19,63.54,2249.9,872.9,129,19.92,0,20.4,1042
24720,46.21,63.99,2472.1,1036.1,154,20.87,0,20.3,1042
24750,46.79,64.45,2178.8,860.9,63,24.39,0,21.0,1042
24780,46.29,64.37,2084.9,879.3,92,19.59,0,20.6,1042
24810,42.83,64.70,2145.8,774.2,114,16.92,0,19.7,1042
24840,47.28,64.51,2167.2,851.3,171,25.62,0,19.3,1042
24870,43.95,64.74,2444.1,936.1,183,17.60,0,19.7,1042
24900,49.07,64.59,2473.6,1004.9,182,26.16,0,20.1,1042
24930,45.98,64.59,2135.2,653.4,201,21.63,0,20.0,1042
24960,46.02,64.86,2143.8,684.7,125,22.66,0,19.6,1042
24990,49.59,65.07,2174.6,674.2,119,23.89,0,18.5,1042
25020,44.75,64.95,2148.1,775.2,166,21.98,0,18.6,1042
25050,47.58,64.63,2227.8,629.0,194,21.40,0,18.2,1042
25080,49.61,65.15,2118.4,889.9,204,27.50,0,18.6,1042
25110,48.13,65.60,2231.1,682.4,178,24.39,0,17.6,1042
25140,52.70,65.29,2146.3,832.1,210,24.04,1,17.9,1042
25170,47.83,65.39,2373.1,868.8,242,24.24,0,18.8,1042
25200,48.38,65.87,2114.0,716.4,288,23.45,0,19.6,1042
25230,49.46,66.36,2360.4,1013.7,230,25.48,0,20.3,1042
25260,50.27,66.90,2372.3,761.3,212,25.15,0,19.5,1042
25290,55.50,66.69,2290.2,676.0,249,27.41,0,18.7,1042
25320,54.86,67.14,2222.7,652.5,272,24.62,0,17.9,1042
25350,53.73,67.21,2349.9,803.2,333,28.62,0,17.7,1042
25380,50.90,67.37,2190.4,778.7,283,28.04,0,18.0,1042
25410,51.51,67.26,2047.2,817.0,295,21.94,0,19.2,1042
25440,55.58,67.50,2235.5,681.8,309,27.05,0,18.4,1042
25470,54.92,67.35,2114.2,763.4,296,29.56,0,18.1,1042
25500,57.52,67.07,2348.1,914.9,328,25.55,1,18.3,1042
25530,52.27,66.77,2447.7,741.5,268,23.06,0,17.4,1042
25560,54.87,66.86,2381.0,798.0,317,31.33,0,16.3,1042
25590,55.53,66.80,2232.3,636.9,360,28.47,0,16.1,1042
25620,56.84,67.10,2002.1,722.5,377,28.01,0,16.5,1042
25650,57.26,67.24,2176.9,864.9,411,28.70,0,16.9,1042
25680,55.81,67.05,2432.0,922.5,348,31.53,0,18.0,1042
25710,60.43,67.35,2270.3,798.4,349,28.86,0,17.8,1042
25740,60.84,67.05,2391.2,1028.1,375,29.43,0,18.8,1042
25770,55.54,67.58,2491.8,792.5,385,30.28,0,19.3,1042
25800,61.00,67.79,2119.9,630.3,448,31.14,0,18.4,1042
25830,62.64,67.80,2391.4,777.7,325,36.54,0,17.7,1042
25860,56.66,67.92,2057.7,848.1,447,28.49,0,18.4,1042
25890,58.84,68.16,2015.5,586.6,349,31.44,0,18.6,1042
25920,55.81,67.90,2257.0,875.0,338,26.18,0,18.0,1042
25950,59.21,67.94,2018.2,570.9,405,26.99,0,18.0,1042
25980,62.39,67.91,2264.7,665.9,338,34.78,0,18.2,1042
26010,57.16,68.10,2352.8,759.3,355,30.65,1,18.0,1042
26040,58.18,68.38,2084.6,706.1,434,29.66,0,19.1,1042
26070,61.59,68.60,2168.2,792.9,367,32.80,0,19.9,1042
26100,59.29,68.38,2430.7,726.4,427,33.97,0,20.0,1042
26130,57.14,68.84,2394.5,724.4,382,27.73,0,19.5,1042
26160,57.15,68.99,2109.8,885.4,347,26.32,0,19.0,1042
26190,62.87,68.86,2129.4,654.0,366,32.79,0,18.5,1042
26220,56.37,68.62,2460.8,730.5,425,30.47,0,18.1,1042
26250,59.43,69.12,2127.5,647.5,410,32.62,0,17.2,1042
26280,63.08,69.50,2459.9,793.2,354,35.08,0,16.5,1042
26310,58.65,69.53,2094.4,775.7,359,29.57,0,17.3,1042
26340,55.86,69.58,2000.1,627.4,410,25.04,0,17.4,1042
26370,55.48,69.91,2090.3,854.5,365,28.52,0,17.0,1042
26400,59.14,69.60,2326.0,883.9,417,31.81,0,16.1,1042
26430,58.21,69.73,2016.7,720.5,361,27.37,0,15.2,1042
26460,55.97,70.19,2296.1,722.3,336,32.36,0,14.2,1042
26490,59.03,70.56,2418.4,800.9,330,32.40,0,15.3,1042
26520,59.74,70.54,2406.8,725.6,392,32.95,1,16.0,1042
26550,60.16,70.79,2013.4,598.6,391,27.27,0,15.9,1042
26580,56.93,70.81,2229.7,715.0,376,32.36,0,15.9,1042
26610,58.30,70.95,2443.1,872.1,315,26.61,0,17.0,1042
26640,53.04,70.64,2385.9,866.4,353,25.81,1,17.6,1042
26670,56.06,70.95,2442.1,823.2,356,28.11,0,17.1,1042
26700,56.63,71.33,2232.6,839.4,281,26.39,0,17.5,1042
26730,58.52,71.63,2319.9,840.2,315,26.48,0,16.5,1042
26760,57.58,71.53,2248.1,894.3,333,29.83,0,15.7,1042
26790,55.21,71.44,2218.8,775.7,255,24.64,0,15.3,1042
26820,52.53,71.70,2352.5,809.0,310,22.77,0,15.9,1042
26850,51.24,72.01,2427.4,696.4,335,22.36,0,16.3,1042
26880,53.31,72.34,2380.3,949.9,306,28.55,0,16.4,1042
26910,47.94,72.39,1978.9,826.9,253,21.27,0,17.2,1042
26940,50.10,72.75,2076.9,788.5,260,21.46,0,17.3,1042
26970,52.96,72.90,1975.8,792.0,247,29.53,0,17.2,1042
27000,47.34,73.42,2000.9,662.7,207,19.55,0,18.4,1042
27030,50.59,73.88,2381.5,755.0,301,23.45,0,18.6,1042
27060,53.13,73.92,2178.9,785.4,195,27.53,0,19.2,1042
27090,48.93,74.20,2000.4,813.6,219,27.62,0,19.3,1042
27120,48.88,74.34,2248.3,695.3,142,25.06,0,19.3,1042
27150,48.78,74.62,2392.1,917.8,147,27.29,0,19.2,1042
27180,46.44,55.56,2017.1,644.9,160,25.39,0,18.6,1042
27210,48.65,56.09,2411.4,869.4,247,23.97,0,19.0,1042
27240,46.85,56.13,2036.4,822.7,151,22.75,0,19.5,1042
27270,42.13,56.25,2234.3,743.4,158,20.25,0,20.1,1042
27300,45.17,55.97,2001.5,753.8,214,18.64,0,20.4,1042
27330,46.18,55.94,2157.5,718.9,102,21.32,0,20.5,1042
27360,46.54,56.12,2445.8,914.4,161,22.13,0,21.5,1042
27390,43.10,56.45,2337.3,826.3,80,21.09,0,20.5,1042
27420,40.05,56.77,1983.6,611.6,127,17.97,0,21.2,1042
27450,42.09,56.92,1973.8,732.1,103,17.57,0,21.7,1042
27480,43.27,57.36,2361.3,902.4,102,21.87,0,21.1,1042
27510,43.87,57.72,2282.3,765.5,80,21.94,1,21.8,1042
27540,41.99,57.42,2136.6,694.6,79,22.89,0,20.8,1042
27570,39.41,57.63,1993.8,654.4,59,16.61,0,21.0,1042
27600,43.98,57.93,2291.9,843.6,102,18.24,0,21.2,1042
27630,40.58,58.24,1955.8,659.4,141,19.51,0,21.0,1042
27660,43.80,58.30,2412.7,853.2,132,19.83,0,21.5,1042
27690,40.77,58.83,1998.9,768.8,115,18.12,0,20.8,1042
27720,42.09,58.86,2288.5,935.7,147,18.08,0,21.8,1042
27750,39.41,58.80,2285.0,753.6,116,19.00,0,22.1,1042
27780,39.56,59.27,2302.8,680.6,131,17.13,0,22.9,1042
27810,43.06,59.12,2461.8,739.7,125,21.40,0,21.9,1042
27840,41.64,59.11,2404.8,691.1,103,18.02,0,21.3,1042
27870,39.65,59.53,2133.4,725.5,45,22.41,0,22.5,1042
27900,44.58,59.88,2122.7,733.0,54,25.28,0,23.0,1042
27930,38.34,60.19,2010.8,855.1,125,20.25,0,22.7,1042
27960,41.84,60.58,2285.2,722.3,30,22.79,0,23.3,1042
27990,43.54,61.13,2270.7,612.9,80,23.66,0,23.3,1042
28020,39.06,61.01,2429.6,816.3,18,18.28,0,22.8,1042
28050,40.60,60.79,2306.7,798.8,66,20.28,0,21.9,1042
28080,38.89,60.73,2104.1,783.0,64,19.28,0,21.7,1042
28110,44.89,60.49,1943.2,562.6,116,20.26,0,20.8,1042
28140,41.13,60.23,2067.0,600.7,31,20.96,0,21.9,1042
28170,44.76,60.65,1992.5,610.8,147,18.57,0,22.0,1042
28200,44.88,60.42,1967.9,630.2,121,25.67,0,21.0,1042
28230,41.85,60.85,2341.1,893.6,121,22.49,0,21.0,1042
28260,45.83,60.78,2271.3,756.1,149,25.61,0,20.5,1042
28290,39.59,60.62,2036.2,579.2,139,19.92,0,19.9,1042
28320,45.63,60.70,1965.3,728.2,186,23.92,0,20.1,1042
28350,39.45,60.77,2291.7,867.5,101,22.07,0,21.1,1042
28380,43.01,61.26,2343.3,791.3,193,20.37,1,22.7,1042
28410,40.86,61.15,2369.4,884.6,108,17.30,0,22.5,1042
28440,41.43,61.06,2242.6,684.8,83,21.25,0,22.7,1042
28470,43.96,61.45,2290.6,683.4,159,23.43,0,23.5,1042
28500,46.62,61.69,2023.3,776.4,99,19.67,0,24.1,1042
28530,41.22,61.49,2423.1,980.7,175,18.39,1,24.2,1042
28560,47.58,61.90,2268.6,760.7,135,26.13,0,25.3,1042
28590,49.78,61.60,2152.9,775.1,249,27.88,0,25.0,1042
28620,44.65,61.69,2108.5,803.7,255,19.77,0,25.7,1042
28650,49.68,62.21,1985.6,712.4,130,24.09,0,25.8,1042
28680,45.21,62.26,2076.3,879.8,275,23.90,0,26.3,1042
28710,48.54,62.01,2433.4,807.2,169,25.32,0,27.4,1042
28740,44.71,62.21,2304.2,787.6,155,24.59,0,27.0,1042
28770,52.27,62.47,2201.3,720.6,170,28.34,0,27.9,1042
28800,46.70,62.58,2385.4,959.9,180,20.94,0,28.1,1042
28830,47.90,62.30,2003.2,850.4,311,20.43,0,27.9,1042
28860,46.02,62.67,2359.4,744.1,247,20.68,0,29.0,1042
28890,50.57,63.13,2305.2,760.7,225,27.53,0,30.0,1042
28920,49.70,63.61,2377.3,909.3,314,22.62,0,30.9,1042
28950,48.37,63.84,1983.3,813.5,215,27.89,0,30.1,1042
28980,52.47,64.22,2020.5,652.4,351,24.19,0,28.9,1042
29010,48.97,64.49,1932.4,822.1,321,26.29,0,27.8,1042
29040,55.71,64.75,1990.4,711.9,252,26.96,0,28.8,1042
29070,54.85,64.61,2113.9,874.2,341,29.52,0,27.8,1042
29100,55.22,65.15,2302.9,708.0,331,25.90,0,27.8,1042
29130,57.00,65.49,2258.2,925.9,356,32.18,0,27.8,1042
29160,53.60,65.43,2075.2,667.1,270,28.63,0,28.8,1042
29190,51.63,65.54,2426.3,993.9,386,25.25,0,29.7,1042
29220,57.70,65.33,2234.3,704.6,372,29.36,0,29.2,1042
29250,56.06,65.68,2339.7,963.1,358,31.16,0,30.0,1042
29280,59.09,65.97,2047.0,801.2,404,30.95,0,28.9,1042
29310,54.00,65.82,2415.4,896.3,419,26.11,0,29.4,1042
29340,58.53,65.87,2175.0,614.4,436,31.56,0,29.8,1042
29370,58.47,65.80,2080.6,666.2,418,30.14,0,30.4,1042
29400,59.39,65.97,1993.1,702.3,339,34.42,0,29.2,1042
29430,56.95,65.68,1964.2,662.1,437,32.09,0,28.3,1042
29460,58.31,65.45,2118.2,681.8,401,33.87,0,28.2,1042
29490,54.95,65.77,1984.8,614.3,412,31.41,0,27.1,1042
29520,54.85,66.05,2012.7,869.9,365,27.73,0,26.4,1042
29550,58.25,66.02,2333.1,937.3,430,30.31,0,26.2,1042
29580,57.49,66.08,1908.9,519.9,340,27.00,0,25.7,1042
29610,57.31,66.41,1997.5,834.9,358,29.44,1,26.5,1042
29640,60.67,66.77,2137.8,731.2,449,34.89,0,26.4,1042
29670,60.47,66.93,2296.6,656.5,334,27.39,0,26.8,1042
29700,53.94,67.18,2111.4,871.4,337,26.85,0,27.4,1042
29730,58.84,67.50,2323.7,674.4,456,33.63,0,28.4,1042
29760,60.11,67.42,1989.0,732.3,434,31.32,0,27.7,1042
29790,57.21,67.70,2019.6,582.9,436,27.68,0,28.5,1042
29820,56.79,68.06,2192.2,760.6,398,28.77,0,29.1,1042
29850,54.38,68.49,1963.2,699.7,362,27.61,0,30.1,1042
29880,55.54,68.76,2017.7,672.8,459,27.33,0,30.9,1042
29910,55.00,69.14,1986.4,609.0,354,25.72,0,31.5,1042
29940,55.45,69.66,2232.6,877.7,337,29.37,0,30.5,1042
29970,55.25,69.90,2339.2,721.7,435,30.61,0,29.9,1042
30000,57.05,69.55,2305.7,778.0,314,31.12,0,30.6,1042
30030,52.59,70.02,2089.0,687.2,318,28.94,0,31.4,1042
30060,58.82,69.97,2310.4,792.2,350,32.31,0,31.9,1042
30090,56.69,70.14,1909.5,638.7,359,31.00,0,31.3,1042
30120,51.39,70.28,2297.7,686.1,416,28.77,0,30.8,1042
30150,56.58,70.69,2144.9,683.0,330,32.43,0,29.9,1042
30180,55.68,70.65,2284.8,727.3,383,27.28,0,30.7,1042
30210,50.34,70.53,2164.3,820.4,340,29.01,0,31.8,1042
30240,100.00,71.77,9572.4,1590.4,295,191.32,20,40.3,1042
30270,100.00,73.07,9875.8,2846.8,338,222.58,6,42.0,1042
30300,100.00,74.20,8205.4,1951.6,338,165.88,1,43.3,1042
30330,100.00,74.84,10133.5,1795.6,271,131.96,6,46.5,1042
30360,100.00,76.09,6882.2,1905.7,266,164.48,4,48.1,1042
30390,100.00,77.22,11433.5,2553.5,282,192.33,2,48.5,1042
30420,100.00,77.95,10618.1,2314.8,357,152.10,20,57.4,1042
30450,96.84,78.42,7632.3,2869.6,219,153.88,5,59.7,1042
30480,96.20,78.90,9197.6,1951.5,322,170.75,3,60.3,1042
30510,94.29,79.42,10204.7,3418.3,206,191.15,5,62.1,1042
30540,97.80,80.48,9676.1,1377.7,282,150.69,0,61.1,1042
30570,95.00,81.75,7674.5,3808.2,307,122.81,3,62.5,1042
30600,100.00,83.03,10982.2,2905.9,301,186.84,4,63.4,1042
30630,95.22,83.86,8414.0,2915.2,250,223.13,3,64.8,1042
30660,98.07,66.43,13682.1,1431.8,292,220.99,5,65.6,1042
30690,95.85,67.01,12110.4,2197.1,200,170.38,0,66.1,1042
30720,94.46,68.02,8581.6,1886.2,242,225.39,0,65.7,1042
30750,100.00,68.78,13384.7,2538.7,197,132.88,15,72.6,1042
30780,87.91,69.39,10638.0,2678.8,195,145.50,4,75.1,1042
30810,94.26,70.44,11213.4,2284.7,155,150.25,5,77.7,1042
30840,95.82,71.69,8977.0,2162.5,122,153.66,18,85.0,1042
30870,92.61,72.79,5819.6,1735.1,196,115.86,3,85.4,1042
30900,93.49,73.44,13063.1,3082.4,142,151.07,6,88.8,1042
30930,88.43,74.47,10347.2,2419.3,152,171.28,6,91.5,1042
30960,94.87,75.05,11328.3,2048.8,109,177.94,5,92.7,1042
30990,93.13,76.13,12489.2,2332.9,100,132.33,5,95.0,1042
31020,87.27,77.01,8762.2,1670.6,105,213.81,1,94.2,1042
31050,94.56,78.20,10642.4,1950.9,191,120.18,0,93.9,1042
31080,96.94,79.40,7427.2,1927.3,89,181.10,21,101.8,1042
31110,88.02,80.00,11934.1,3248.4,67,187.64,1,102.7,1042
31140,94.21,81.28,10959.7,1859.4,48,197.92,2,103.9,1042
31170,94.04,82.11,7961.8,1715.1,59,170.47,1,105.4,1042
31200,91.27,82.57,9317.1,2744.9,88,124.60,1,106.2,1042
31230,89.91,83.89,9234.2,2543.7,51,109.20,5,108.5,1042
31260,93.13,84.59,7586.2,1638.0,43,111.95,0,107.4,1042
31290,81.79,85.24,8950.6,2593.7,108,144.02,0,108.0,1042
31320,96.39,85.75,13294.7,2392.0,139,137.70,21,116.2,1042
31350,85.38,87.03,12967.2,3154.1,79,189.74,3,118.0,1042
31380,87.55,87.61,7045.0,2096.3,96,139.98,5,120.6,1042
31410,92.50,88.15,8303.5,2057.3,107,204.30,4,122.6,1042
31440,87.71,89.06,10749.2,2175.8,104,201.32,4,123.7,1042
31470,87.80,90.16,6833.2,1640.8,143,166.55,19,130.3,1042
31500,89.50,91.44,8760.1,2102.6,131,140.14,5,131.5,1042
31530,88.77,72.98,11483.7,2209.6,123,117.61,2,132.0,1042
31560,91.92,73.80,7318.1,2960.9,144,183.26,4,134.0,1042
31590,90.66,74.44,8453.5,1440.0,28,140.84,6,136.5,1042
31620,89.10,75.00,11606.8,1903.7,62,113.89,10,140.0,1042
31650,80.41,75.85,13502.6,2090.3,142,213.27,3,140.0,1042
31680,94.97,76.31,10389.9,1328.9,109,158.02,5,140.0,1042
31710,90.60,76.83,10819.1,1678.3,45,221.65,1,140.0,1042
31740,80.14,77.47,6693.2,2148.9,151,128.22,3,140.0,1042
31770,88.83,78.13,7092.5,2360.9,91,135.22,5,140.0,1042
31800,97.71,78.84,9094.0,2502.5,86,209.94,1,140.0,1042
31830,87.90,79.87,9031.5,2144.3,89,117.62,20,140.0,1042
31860,89.95,81.16,9294.3,1540.9,92,173.91,2,140.0,1042
31890,87.08,82.44,6324.1,2146.8,183,190.00,3,140.0,1042
31920,85.13,83.03,9982.3,1879.7,160,204.39,1,139.6,1042
31950,90.89,83.54,11562.4,1327.8,191,175.18,1,140.0,1042
31980,90.72,84.21,12134.2,3145.0,81,136.15,0,139.2,1042
32010,88.85,85.29,12882.1,2017.9,165,161.23,0,139.0,1042
32040,39.38,85.61,2166.9,683.6,134,19.64,0,139.1,1042
32070,37.45,85.58,2141.5,879.6,163,17.81,0,139.3,1042
32100,41.95,85.32,2306.9,917.3,106,20.89,0,139.0,1042
32130,39.45,85.31,2155.4,706.0,146,22.19,0,139.2,1042
32160,45.87,85.56,2175.3,718.7,226,21.24,0,140.0,1042
32190,45.91,59.22,2184.8,901.2,214,24.54,0,140.0,1042
32220,43.44,59.70,2102.4,891.5,188,18.98,0,140.0,1042
32250,45.96,60.06,2204.7,715.3,184,23.62,0,139.7,1042
32280,44.49,60.35,2130.2,831.0,180,20.68,0,139.9,1042
32310,44.20,60.15,1807.2,699.4,191,24.68,0,138.9,1042
32340,46.32,59.88,1939.3,745.6,272,19.12,0,137.7,1042
32370,43.75,60.32,2034.3,875.6,280,21.81,0,136.7,1042
32400,49.47,60.45,2283.3,682.7,283,24.22,0,137.8,1042
32430,42.80,60.76,1952.0,767.9,221,17.00,0,137.9,1042
32460,42.57,60.88,2044.5,735.9,246,24.08,0,136.8,1042
32490,47.85,61.20,2251.1,765.3,228,26.46,0,137.6,1042
32520,44.21,61.34,1941.6,589.1,306,21.52,0,137.4,1042
32550,50.13,61.57,2042.5,565.4,322,24.69,0,138.3,1042
32580,51.65,61.75,2071.9,582.9,232,28.38,0,138.7,1042
32610,48.62,62.20,1978.4,784.1,361,24.01,0,139.0,1042
32640,46.01,61.94,2105.7,666.0,319,22.64,0,139.5,1042
32670,46.79,61.61,2013.9,732.2,273,20.91,0,140.0,1042
32700,48.31,61.36,1772.4,624.3,385,22.12,0,139.4,1042
32730,48.41,61.78,1840.1,704.2,263,26.22,0,138.3,1042
32760,52.88,61.57,1870.7,666.8,403,27.10,0,138.2,1042
32790,48.33,61.78,1791.5,694.4,403,26.64,0,137.4,1042
32820,48.10,61.85,2128.0,715.9,374,26.56,0,138.4,1042
32850,51.35,62.37,2076.6,736.3,333,22.95,0,139.1,1042
32880,51.16,62.73,1957.8,762.1,290,26.05,0,139.9,1042
32910,51.73,62.66,2120.1,773.9,330,29.56,0,140.0,1042
32940,56.21,62.69,2041.2,865.3,357,26.76,0,139.0,1042
32970,54.58,62.80,2108.1,722.0,431,27.70,0,139.8,1042
33000,55.10,63.31,1936.5,756.1,314,30.98,0,139.7,1042
33030,52.59,63.77,1772.3,568.2,440,25.47,0,138.7,1042
33060,56.59,63.80,1986.3,728.7,409,30.63,0,139.3,1042
33090,53.39,64.17,1973.6,796.3,397,23.68,0,139.4,1042
33120,49.74,64.36,2071.0,711.5,348,24.70,0,139.3,1042
33150,54.60,64.85,1957.9,661.2,437,29.97,0,139.4,1042
33180,51.09,65.30,1856.5,800.4,386,29.05,0,139.4,1042
33210,51.73,65.08,2209.3,831.1,442,24.27,0,138.7,1042
33240,57.26,65.50,2099.3,664.6,353,29.94,0,138.5,1042
33270,56.47,65.70,2155.8,607.9,399,32.83,0,137.9,1042
33300,52.24,65.92,2188.6,880.8,442,24.43,0,138.2,1042
33330,56.88,66.21,1900.2,577.5,467,31.57,0,137.0,1042
33360,57.15,66.68,1812.2,682.1,348,28.92,0,136.2,1042
33390,52.98,67.01,1756.8,463.4,453,27.13,0,135.8,1042
33420,51.12,67.17,2007.8,600.4,373,28.79,0,136.0,1042
33450,52.60,67.64,1845.0,627.3,407,27.61,0,137.1,1042
33480,51.92,67.36,1937.2,544.7,360,29.54,0,136.2,1042
33510,51.40,67.56,1828.6,569.7,438,24.22,0,135.1,1042
33540,50.72,67.99,2147.9,739.0,413,27.51,0,135.4,1042
33570,51.63,67.87,1940.0,533.2,317,28.43,0,134.7,1042
33600,50.04,67.80,2031.7,746.1,387,26.73,0,134.2,1042
33630,55.00,67.53,2217.4,899.8,306,24.03,0,133.5,1042
33660,50.60,67.62,1860.7,669.9,300,26.57,0,134.3,1042
33690,54.84,67.34,1752.3,684.2,348,24.67,0,133.3,1042
33720,54.37,67.44,2021.5,804.1,353,26.64,0,132.8,1042
33750,46.34,67.36,1791.3,656.3,399,24.96,0,131.9,1042
33780,47.19,67.47,2129.1,835.4,294,25.24,0,132.1,1042
33810,47.78,68.00,1784.5,674.3,298,22.61,0,131.4,1042
33840,49.96,68.03,1726.9,514.8,305,21.92,0,130.8,1042
33870,52.54,67.97,2113.4,806.0,323,22.60,0,130.9,1042
33900,48.99,67.66,2199.9,921.6,385,23.62,0,130.8,1042
33930,50.86,67.84,1968.9,737.0,372,22.35,0,131.3,1042
33960,46.26,68.21,1828.7,689.9,372,22.62,0,131.0,1042
33990,43.83,68.61,1820.5,506.2,352,23.20,0,130.8,1042
34020,47.86,68.52,1721.0,621.9,240,26.11,0,131.2,1042
34050,47.54,68.44,2175.3,730.1,273,22.69,0,130.9,1042
34080,44.48,68.62,2122.0,564.2,298,24.65,1,131.2,1042
34110,44.48,68.84,2077.2,701.0,318,21.11,0,131.6,1042
34140,44.00,69.38,2035.7,608.2,277,23.97,0,131.9,1042
34170,45.74,69.23,2042.7,742.5,282,19.13,0,132.1,1042
34200,46.75,69.67,2139.5,702.6,228,19.09,0,131.8,1042
34230,42.15,69.99,1931.9,593.5,260,21.68,0,130.9,1042
34260,39.79,69.89,2143.2,844.0,207,16.60,0,130.7,1042
34290,45.29,69.91,1905.8,603.1,217,22.92,0,129.7,1042
34320,43.73,69.94,1747.3,590.1,161,23.59,0,130.2,1042
34350,43.06,70.01,1815.0,603.3,142,18.26,0,130.5,1042
34380,41.94,70.27,2053.4,713.3,177,16.22,0,130.3,1042
34410,37.84,70.20,1773.9,614.0,180,16.71,0,129.3,1042
34440,40.26,69.89,1754.8,691.2,240,19.99,0,129.8,1042
34470,42.08,70.26,1720.6,669.4,218,23.68,0,130.8,1042
34500,41.69,70.06,2027.8,627.0,165,20.53,0,129.7,1042
34530,36.90,70.54,1802.5,608.4,170,18.79,0,130.5,1042
34560,40.42,71.05,2014.4,628.6,115,20.48,0,130.6,1042
34590,37.24,71.32,2097.3,818.2,84,16.81,0,130.3,1042
34620,33.97,71.86,1913.2,514.6,184,18.76,0,131.0,1042
34650,38.94,71.56,1850.4,591.9,72,20.31,0,130.5,1042
34680,37.07,71.25,1736.4,499.6,152,15.03,0,130.8,1042
34710,34.03,71.29,2008.4,638.4,180,12.41,0,130.4,1042
34740,36.15,71.59,2152.2,730.6,161,19.41,0,130.9,1042
34770,31.41,71.97,1876.1,627.4,97,10.92,0,130.7,1042
34800,37.17,72.41,1867.7,720.6,102,15.86,0,131.6,1042
34830,33.98,72.76,1773.9,714.7,46,12.79,0,131.1,1042
34860,34.53,72.41,2135.7,640.0,39,15.93,0,132.0,1042
34890,37.28,72.86,1969.5,769.8,86,17.54,0,132.4,1042
34920,31.40,72.77,1901.2,586.4,83,15.56,1,133.8,1042
34950,30.29,72.64,1983.9,702.0,49,16.10,0,133.2,1042
34980,32.84,72.95,2081.0,832.5,18,15.88,0,133.1,1042
35010,31.57,73.48,1907.5,815.7,59,16.61,0,133.1,1042
35040,31.78,74.00,2018.3,656.6,124,12.28,0,133.1,1042
35070,31.71,74.03,1833.8,702.3,91,11.57,0,133.1,1042
35100,36.43,74.31,2135.3,734.6,29,18.66,0,133.5,1042
35130,36.09,74.11,1934.2,761.8,15,19.56,0,133.6,1042
35160,35.02,73.89,1955.3,541.4,99,17.19,0,133.3,1042
35190,36.28,74.05,1854.3,512.2,149,17.61,0,133.2,1042
35220,30.80,74.03,1972.5,702.1,66,9.64,0,132.5,1042
35250,35.45,74.01,1815.3,586.5,94,18.68,0,131.6,1042
35280,33.40,74.46,1731.9,669.2,129,15.23,0,130.4,1042
35310,32.64,74.77,2070.2,564.5,113,17.94,0,130.3,1042
35340,31.55,74.71,2023.8,733.0,154,13.80,0,130.6,1042
35370,31.93,75.17,2114.3,758.5,116,14.36,0,131.0,1042
35400,33.73,75.26,2045.4,595.7,115,16.70,0,130.7,1042
35430,33.16,75.24,1667.2,563.7,113,18.68,0,129.7,1042
35460,38.10,75.68,1934.6,661.1,79,20.39,0,130.2,1042
35490,37.41,75.38,1872.2,575.3,157,17.05,0,129.8,1042
35520,37.89,75.87,1978.8,710.3,164,17.95,0,130.2,1042
35550,32.26,75.88,1684.0,499.1,78,11.67,0,130.2,1042
35580,37.01,76.33,1743.6,606.2,84,15.66,0,129.8,1042
35610,32.72,76.53,1737.1,615.3,105,13.32,0,130.3,1042
35640,36.91,76.39,1743.5,510.2,123,13.80,0,131.2,1042
35670,39.23,76.90,2016.2,774.7,169,15.48,0,131.7,1042
35700,33.18,77.05,2002.2,784.7,107,13.05,1,132.6,1042
35730,40.12,77.35,2016.1,662.9,179,15.58,0,131.6,1042
35760,40.92,77.52,1803.5,594.5,107,20.28,0,131.5,1042
35790,40.26,77.34,2077.8,777.8,183,18.00,0,131.1,1042
35820,36.13,77.27,1602.8,499.3,214,15.21,0,130.2,1042
35850,35.06,77.53,2107.3,771.1,227,12.99,0,130.5,1042
35880,42.72,77.33,2008.4,674.2,221,17.90,0,131.2,1042
35910,43.48,77.12,2020.3,773.5,203,19.48,0,131.7,1042
35940,36.61,77.41,2102.4,868.5,155,14.87,0,132.1,1042
35970,42.92,77.18,1719.5,657.7,211,23.43,0,132.9,1042
36000,40.48,77.12,2024.8,637.6,200,18.31,0,132.0,1042
36030,40.76,77.32,1623.5,484.4,265,15.57,0,132.3,1042
36060,39.62,77.42,1750.5,547.5,256,18.26,0,133.1,1042
36090,43.50,77.64,1960.3,773.2,308,23.24,0,133.8,1042
36120,42.87,77.52,1678.5,547.7,257,19.78,0,134.7,1042
36150,42.37,77.62,1996.5,663.5,336,18.32,0,135.1,1042
36180,40.47,77.76,1894.1,631.0,300,19.83,0,134.4,1042
36210,46.07,77.51,1803.2,702.0,280,22.93,0,134.1,1042
36240,44.89,77.80,1660.5,631.7,324,24.42,0,133.8,1042
36270,44.90,77.96,1864.7,559.9,259,24.94,0,133.3,1042
36300,47.77,78.11,1636.4,674.2,356,24.47,0,133.7,1042
36330,45.32,78.59,1654.7,476.0,268,18.55,0,133.9,1042
36360,48.38,78.61,1795.1,539.5,317,27.05,0,133.1,1042
36390,43.99,79.07,1665.4,611.7,400,19.03,0,132.3,1042
36420,44.16,79.60,2067.8,693.8,343,24.29,0,132.8,1042
36450,48.68,79.83,1726.7,558.5,394,26.06,0,133.9,1042
36480,44.76,80.02,1694.5,478.4,400,23.12,0,134.1,1042
36510,48.92,80.27,1843.1,717.2,403,23.70,0,133.8,1042
36540,46.63,80.80,1897.3,565.7,430,22.85,0,133.1,1042
36570,50.67,80.76,1767.6,717.8,437,21.79,0,134.3,1042
36600,50.66,81.14,2051.8,606.2,430,26.98,0,133.1,1042
36630,51.90,81.43,1944.7,577.1,440,28.03,0,132.9,1042
36660,47.56,81.62,1969.9,768.0,409,21.20,0,133.7,1042
36690,46.18,81.38,1839.3,735.9,393,19.58,0,133.1,1042
36720,45.36,81.03,1682.4,481.1,456,20.14,0,132.6,1042
36750,49.38,81.28,1714.0,542.4,422,28.08,0,132.9,1042
36780,51.92,81.31,1639.2,427.8,364,27.48,0,132.5,1042
36810,49.70,81.30,1705.5,559.5,365,23.75,0,133.1,1042
36840,46.80,81.71,1751.4,490.2,465,20.50,0,132.3,1042
36870,52.28,81.64,1547.8,404.3,395,29.80,0,133.0,1042
36900,52.50,81.66,1603.6,596.2,375,22.97,0,133.3,1042
36930,50.12,82.07,1989.1,720.4,416,21.71,0,133.8,1042
36960,47.36,82.36,1717.5,709.1,350,26.58,0,133.0,1042
36990,49.13,82.34,1784.2,555.5,335,24.37,0,133.3,1042
37020,44.97,82.78,1953.7,781.0,440,20.48,0,134.2,1042
37050,51.71,57.70,1718.3,551.6,442,27.85,0,134.7,1042
37080,51.07,57.73,1886.0,660.2,332,22.43,0,135.3,1042
37110,51.37,57.73,1739.7,671.0,402,25.70,0,136.1,1042
37140,49.13,58.07,1824.2,695.6,377,22.53,0,136.4,1042
37170,43.51,58.56,1612.0,682.9,317,23.81,0,136.2,1042
37200,49.82,58.88,1537.4,442.2,392,20.96,0,137.4,1042
37230,50.21,59.13,1885.6,688.2,392,26.06,0,137.7,1042
37260,43.38,59.26,1775.6,500.9,311,18.28,0,136.7,1042
37290,43.15,59.06,1923.9,747.9,313,16.97,0,135.6,1042
37320,44.25,59.57,2001.2,744.8,416,23.13,0,136.4,1042
37350,44.10,59.49,1553.9,665.9,286,19.98,0,136.0,1042
37380,48.52,59.30,1782.4,513.4,346,25.55,0,136.6,1042
37410,42.41,59.42,1512.1,475.3,366,24.29,0,136.0,1042
37440,46.00,59.22,1737.0,494.3,265,26.24,0,136.0,1042
37470,47.73,59.05,1951.5,760.3,392,21.76,0,137.1,1042
37500,43.61,59.37,1755.8,485.0,380,20.59,0,138.1,1042
37530,42.53,59.75,1601.3,533.7,314,19.77,0,137.1,1042
37560,45.78,59.93,1502.8,487.4,324,21.78,0,137.2,1042
37590,45.90,59.87,1991.9,839.9,303,20.07,0,136.3,1042
37620,42.44,59.68,1713.8,471.8,321,21.25,0,136.8,1042
37650,38.64,59.92,1882.5,558.3,228,19.92,0,137.4,1042
37680,37.34,60.06,1786.3,635.5,227,19.24,0,137.4,1042
37710,39.88,59.76,1952.8,616.4,311,20.96,0,137.1,1042
37740,37.61,59.77,1863.8,707.4,214,14.27,0,137.2,1042
37770,40.09,59.71,1916.8,562.5,259,17.05,0,137.0,1042
37800,37.92,59.53,1984.1,680.2,206,21.10,0,137.1,1042
37830,40.11,59.51,1788.9,698.2,169,17.15,0,136.8,1042
37860,41.14,59.39,1517.5,591.8,270,18.84,0,135.9,1042
37890,37.82,59.82,1742.4,685.4,180,15.57,0,135.8,1042
37920,38.72,59.85,1610.4,668.9,161,15.20,0,136.5,1042
37950,38.42,59.65,1587.7,538.2,156,21.17,0,136.2,1042
37980,37.05,59.41,1966.2,735.9,179,16.73,0,137.0,1042
38010,37.32,59.25,1917.1,545.3,191,16.48,0,136.1,1042
38040,37.45,59.56,1523.2,533.5,163,17.66,0,135.1,1042
38070,33.35,60.06,1968.9,701.1,121,13.30,0,135.5,1042
38100,32.06,60.40,1690.4,593.1,157,11.90,0,135.5,1042
38130,34.20,60.81,1539.7,448.0,180,16.91,0,136.1,1042
38160,33.86,60.66,1708.1,664.2,182,19.28,0,137.1,1042
38190,33.43,60.59,1497.9,630.0,114,16.06,0,136.4,1042
38220,28.46,60.50,1858.1,600.2,187,8.24,0,135.8,1042
38250,34.58,60.57,1730.3,494.5,87,18.08,0,136.1,1042
38280,29.59,60.93,1758.3,639.2,122,12.70,0,135.2,1042
38310,27.93,60.82,1523.2,520.2,155,11.63,0,134.1,1042
38340,31.62,61.21,1594.4,648.0,65,16.53,0,134.8,1042
38370,27.24,61.07,1529.0,660.9,170,15.03,0,133.6,1042
38400,28.05,61.18,1787.3,585.5,124,11.40,0,134.7,1042
38430,28.70,61.44,1732.9,510.2,70,11.28,0,135.4,1042
38460,30.25,61.68,1915.8,630.9,111,9.57,0,135.7,1042
38490,26.98,61.49,1915.9,653.0,41,9.75,0,135.5,1042
38520,29.15,61.62,1609.8,504.6,101,9.34,0,135.2,1042
38550,30.85,61.99,1572.3,528.7,154,12.74,0,134.0,1042
38580,31.20,61.64,1944.8,730.8,46,13.88,0,134.2,1042
38610,25.76,61.46,1484.3,559.2,137,10.85,0,133.3,1042
38640,25.78,61.50,1842.2,672.0,138,7.30,0,134.1,1042
38670,28.89,61.68,1800.8,489.0,47,9.40,0,134.9,1042
38700,29.33,61.55,1766.4,618.9,44,10.28,0,136.0,1042
38730,25.45,61.46,1516.2,406.2,36,8.58,0,135.3,1042
38760,28.74,61.88,1495.9,405.2,67,13.35,0,135.1,1042
38790,31.52,62.18,1730.2,658.1,143,14.38,0,136.2,1042
38820,27.01,62.61,1676.6,509.9,112,15.16,0,135.7,1042
38850,29.22,62.33,1670.9,467.1,139,14.73,0,135.8,1042
38880,28.59,62.24,1629.0,434.7,110,10.05,0,135.1,1042
38910,31.21,62.59,1419.8,474.0,88,13.09,0,136.1,1042
38940,27.51,63.01,1907.2,614.7,67,8.85,0,135.6,1042
38970,31.47,63.14,1520.2,552.5,123,15.18,0,135.1,1042
39000,26.04,62.93,1830.9,570.6,79,14.08,0,134.2,1042
39030,26.86,62.59,1435.4,586.9,143,13.65,0,133.2,1042
39060,29.97,62.65,1562.8,468.9,123,14.11,0,134.1,1042
39090,28.92,62.32,1423.7,521.8,164,14.28,0,135.1,1042
39120,33.16,62.53,1898.3,606.3,123,17.72,0,135.4,1042
39150,30.95,62.86,1540.9,570.7,97,13.50,0,134.5,1042
39180,26.66,63.19,1739.9,642.7,146,8.09,0,133.8,1042
39210,27.66,63.13,1703.9,645.4,134,15.54,0,133.0,1042
39240,29.12,63.07,1514.4,563.3,185,15.41,0,133.0,1042
39270,35.09,62.74,1559.9,596.1,139,17.74,0,133.7,1042
39300,32.08,62.49,1718.0,688.8,189,13.63,0,132.8,1042
39330,30.82,62.32,1474.8,574.6,211,15.84,0,133.4,1042
39360,32.47,62.81,1639.5,644.1,234,13.61,0,134.2,1042
39390,28.92,62.91,1506.1,476.5,148,16.26,0,135.0,1042
39420,36.84,62.75,1808.6,562.9,181,16.24,0,134.4,1042
39450,37.31,62.42,1488.3,618.4,173,16.91,0,134.9,1042
39480,32.57,62.68,1398.7,481.1,230,15.07,0,133.8,1042
39510,34.96,62.68,1468.9,505.7,215,16.00,1,134.6,1042
39540,33.04,63.08,1561.2,546.0,250,16.20,0,134.4,1042
39570,35.52,62.82,1584.8,681.7,257,12.63,0,133.5,1042
39600,32.69,62.55,1537.8,573.4,229,13.32,0,133.6,1042
39630,34.15,63.03,1739.1,553.1,243,12.00,0,133.3,1042
39660,35.31,62.96,1789.8,685.4,321,15.59,0,134.2,1042
39690,40.10,62.84,1578.6,643.5,296,15.42,0,133.6,1042
39720,38.60,62.77,1483.0,611.0,273,16.07,0,134.1,1042
39750,35.45,62.62,1741.9,574.7,263,19.01,0,134.3,1042
39780,39.88,62.87,1549.5,523.2,287,21.17,0,133.9,1042
39810,35.27,62.86,1817.4,583.8,318,16.74,0,134.3,1042
39840,42.00,62.79,1769.5,581.1,311,16.28,0,134.9,1042
39870,38.40,63.33,1752.0,509.2,278,21.53,0,134.9,1042
39900,41.21,63.36,1534.7,418.1,312,19.01,0,134.6,1042
39930,39.70,63.57,1657.3,542.3,334,19.88,0,135.5,1042
39960,41.10,63.99,1840.5,693.7,291,18.86,0,135.3,1042
39990,37.58,64.08,1718.2,628.0,336,16.51,0,134.5,1042
40020,39.22,64.13,1633.4,511.0,412,19.57,0,135.4,1042
40050,40.76,64.57,1485.5,525.8,366,21.26,0,136.2,1042
40080,40.45,64.83,1377.9,480.0,344,21.50,0,136.2,1042
40110,44.69,64.95,1444.7,461.5,306,17.92,0,135.7,1042
40140,39.36,65.39,1637.7,541.7,399,22.01,0,135.4,1042
40170,43.42,65.05,1383.4,512.0,407,23.40,0,135.5,1042
40200,46.13,65.31,1395.6,508.1,426,19.09,0,135.3,1042
40230,41.24,65.35,1729.5,680.0,396,20.94,0,135.3,1042
40260,44.18,65.84,1581.4,513.0,400,24.73,0,134.9,1042
40290,43.17,65.57,1791.5,673.1,355,21.90,0,136.0,1042
40320,43.43,65.50,1695.4,627.5,460,23.49,0,136.9,1042
40350,46.59,65.22,1668.6,469.0,345,26.16,0,137.4,1042
40380,42.22,65.33,1398.7,434.5,340,17.14,0,136.6,1042
40410,44.50,65.81,1396.9,534.9,406,20.41,0,137.0,1042
40440,44.97,65.60,1732.5,599.5,334,25.20,0,136.9,1042
40470,46.04,65.33,1446.1,379.2,414,25.51,0,137.0,1042
40500,39.41,65.21,1369.7,431.9,395,20.68,0,136.5,1042
40530,42.26,65.59,1699.6,541.9,453,17.19,0,135.5,1042
40560,44.33,65.37,1825.5,678.7,382,19.24,0,134.5,1042
40590,46.84,65.17,1624.0,520.3,385,24.47,0,135.5,1042
40620,44.53,64.84,1561.7,492.4,344,24.06,0,134.8,1042
40650,43.92,64.63,1306.9,406.5,432,24.78,0,135.4,1042
40680,43.85,65.03,1679.0,565.6,386,23.73,0,135.3,1042
40710,39.67,65.41,1315.6,460.1,393,15.08,0,134.6,1042
40740,45.98,65.30,1675.5,560.2,453,24.65,1,134.4,1042
40770,40.47,65.35,1318.0,476.5,366,22.27,0,134.1,1042
40800,41.49,65.37,1506.3,461.8,388,17.94,0,133.3,1042
40830,40.39,65.71,1554.3,541.4,396,21.65,0,133.3,1042
40860,43.29,65.70,1372.0,450.7,375,17.19,0,134.3,1042
40890,42.25,65.63,1319.1,556.5,298,19.09,0,134.3,1042
40920,36.40,65.92,1736.9,694.6,360,15.04,0,133.4,1042
40950,41.33,65.94,1365.2,380.4,420,19.46,0,132.8,1042
40980,40.46,66.34,1491.4,425.7,368,16.59,0,133.1,1042
41010,39.85,66.26,1721.9,508.4,292,20.98,0,134.0,1042
41040,42.48,66.40,1619.7,695.2,354,19.40,0,134.0,1042
41070,37.40,66.80,1688.3,628.8,332,21.27,0,132.9,1042
41100,40.37,67.19,1632.7,461.6,277,22.27,0,132.4,1042
41130,35.73,67.44,1549.7,600.0,265,17.36,0,132.8,1042
41160,40.90,67.61,1567.2,637.9,282,18.29,1,133.6,1042
41190,37.68,67.82,1736.1,547.9,232,17.66,0,133.8,1042
41220,37.09,67.82,1600.2,545.2,260,17.65,0,134.6,1042
41250,38.90,68.23,1744.1,500.9,346,18.83,0,135.0,1042
41280,37.53,68.55,1299.4,530.0,337,15.54,0,134.9,1042
41310,35.52,69.09,1631.9,592.4,267,14.33,0,135.4,1042
41340,30.08,69.19,1404.4,435.9,300,11.60,0,136.0,1042
41370,30.54,69.05,1485.1,474.4,228,10.65,0,135.6,1042
41400,33.27,69.23,1518.6,649.7,186,18.39,0,135.8,1042
41430,34.60,69.30,1522.4,608.6,187,16.05,0,135.4,1042
41460,29.98,69.80,1502.2,423.4,285,11.53,0,134.5,1042
41490,34.03,69.98,1667.0,556.2,219,13.86,0,135.7,1042
41520,31.35,69.67,1730.0,565.7,155,13.22,0,134.9,1042
41550,27.56,69.85,1458.3,379.3,240,14.55,0,133.9,1042
41580,32.91,70.18,1729.1,658.1,244,12.43,0,133.7,1042
41610,29.84,70.62,1516.9,485.7,241,11.30,0,133.3,1042
41640,30.32,70.87,1366.9,526.7,117,13.70,0,132.8,1042
41670,27.59,71.12,1494.2,560.3,229,10.39,0,132.5,1042
41700,29.09,71.57,1353.6,412.1,147,9.39,0,131.4,1042
41730,24.49,71.27,1343.7,497.7,118,8.60,1,130.9,1042
41760,30.06,71.22,1274.2,522.2,143,11.43,0,129.9,1042
41790,28.80,71.56,1653.2,652.2,156,10.61,0,130.9,1042
41820,24.78,71.38,1285.9,439.6,136,8.90,0,130.6,1042
41850,25.60,71.86,1313.7,519.9,100,13.49,0,130.5,1042
41880,27.56,72.39,1327.1,337.0,185,15.04,0,129.9,1042
41910,25.18,72.23,1571.6,577.7,149,6.42,0,129.6,1042
41940,21.70,72.53,1260.5,363.4,61,5.03,0,130.0,1042
41970,25.03,72.72,1326.4,384.0,100,13.26,0,130.2,1042
42000,25.60,72.44,1686.1,480.6,137,9.45,0,130.8,1042
42030,24.52,72.23,1453.0,475.7,66,7.84,0,131.1,1042
42060,26.72,71.93,1669.8,586.5,147,11.20,0,130.0,1042
42090,23.25,71.90,1533.9,510.6,144,11.07,0,130.1,1042
42120,24.32,71.90,1695.8,523.9,55,13.44,0,131.2,1042
42150,21.81,71.68,1400.1,611.7,104,4.29,0,130.5,1042
42180,25.82,71.95,1301.0,423.5,149,9.23,0,131.0,1042
42210,19.10,72.46,1388.8,533.7,114,4.69,0,132.1,1042
42240,20.33,72.79,1430.5,517.9,149,3.65,0,131.2,1042
42270,20.71,72.92,1669.2,662.5,101,6.55,0,130.9,1042
42300,19.04,72.93,1480.2,503.0,40,5.04,0,131.5,1042
42330,20.35,72.84,1229.2,387.2,96,5.03,0,131.8,1042
42360,23.89,72.56,1413.2,429.3,44,6.43,0,132.7,1042
42390,25.85,72.56,1442.7,441.7,42,13.93,0,133.5,1042
42420,23.72,72.30,1309.4,493.2,98,8.41,0,133.8,1042
42450,26.47,72.42,1627.5,453.7,145,9.97,0,134.9,1042
42480,25.46,72.59,1691.6,607.2,59,13.19,0,135.8,1042
42510,21.52,72.50,1339.4,443.2,69,7.87,0,135.7,1042
42540,26.74,72.15,1372.8,559.6,130,13.67,0,136.2,1042
42570,23.58,72.00,1398.1,478.9,59,12.90,0,135.7,1042
42600,23.62,72.15,1692.0,638.3,91,6.73,0,136.6,1042
42630,24.24,71.87,1523.3,483.4,66,10.51,0,136.1,1042
42660,23.95,71.89,1588.5,448.8,141,9.35,0,136.8,1042
42690,23.45,71.83,1211.1,416.3,144,7.13,0,136.0,1042
42720,22.55,71.77,1528.9,620.2,159,7.85,0,135.6,1042
42750,26.30,72.30,1183.8,308.9,77,11.19,0,135.8,1042
42780,24.66,72.32,1528.9,553.1,175,12.09,0,136.8,1042
42810,25.93,72.71,1548.3,628.9,111,11.94,0,135.6,1042
42840,22.33,72.80,1269.1,510.2,81,8.97,0,134.5,1042
42870,27.63,73.30,1594.2,594.4,116,11.32,0,134.4,1042
42900,27.58,73.08,1361.8,514.5,207,8.66,0,135.0,1042
42930,29.05,73.35,1480.8,606.9,197,15.85,0,134.1,1042
42960,30.35,73.73,1295.7,393.0,130,12.52,0,133.6,1042
42990,28.16,74.19,1156.1,387.0,153,10.85,0,134.1,1042
43020,31.38,73.97,1511.2,427.8,202,14.09,0,134.6,1042
43050,26.63,74.49,1185.0,409.6,186,13.73,0,134.6,1042
43080,27.71,74.95,1220.4,479.2,238,10.83,0,133.7,1042
43110,29.23,75.00,1464.7,501.4,217,14.92,0,133.8,1042
43140,29.39,75.24,1651.5,716.1,250,15.17,0,133.0,1042
43170,30.41,74.98,1503.5,573.0,256,9.64,0,132.4,1042
43200,31.38,74.72,1602.1,592.1,229,13.42,0,131.9,1042
43230,30.82,74.98,1190.1,523.5,270,9.92,0,132.0,1042
43260,28.89,75.32,1283.3,473.5,241,14.39,0,133.0,1042
43290,32.99,75.65,1289.0,505.6,310,14.39,0,132.5,1042
43320,29.79,75.47,1498.1,419.1,225,13.83,0,131.5,1042
43350,32.69,75.23,1328.5,407.4,222,16.97,0,132.6,1042
43380,32.69,56.83,1158.4,349.9,231,14.25,0,132.7,1042
43410,32.57,56.86,1337.6,509.3,367,15.78,0,131.8,1042
43440,31.94,57.28,1427.9,622.6,259,14.73,0,131.1,1042
43470,32.23,56.94,1173.8,468.9,359,12.96,0,130.0,1042
43500,31.79,56.90,1199.3,473.6,262,14.09,0,129.4,1042
43530,35.91,56.89,1563.8,607.0,259,15.19,0,129.3,1042
43560,35.71,57.34,1339.0,429.1,368,20.28,0,129.0,1042
43590,33.93,57.85,1492.5,501.6,404,17.77,0,129.0,1042
43620,33.93,57.89,1162.1,496.7,289,13.03,0,127.9,1042
43650,38.93,57.67,1566.0,549.8,384,17.72,0,128.9,1042
43680,36.68,57.38,1198.1,315.4,416,15.24,0,128.4,1042
43710,34.17,57.66,1451.4,450.1,346,16.41,0,128.0,1042
43740,32.58,58.03,1387.6,476.6,344,14.62,0,128.1,1042
43770,39.49,58.50,1284.5,452.6,365,18.73,0,127.3,1042
43800,38.08,58.38,1206.8,445.1,432,21.43,0,127.6,1042
43830,37.34,58.33,1531.3,641.4,391,14.81,0,127.4,1042
43860,33.28,58.78,1269.9,421.4,424,17.58,0,128.5,1042
43890,37.17,59.27,1579.1,673.6,425,18.42,0,128.5,1042
43920,41.37,59.16,1350.7,407.6,394,17.37,0,128.1,1042
43950,38.24,59.23,1404.8,557.7,348,19.07,1,127.9,1042
43980,35.85,59.50,1262.0,440.1,441,19.45,0,127.6,1042
44010,37.14,59.45,1259.2,497.1,387,18.48,0,128.2,1042
44040,36.63,59.97,1522.6,457.0,409,14.55,0,129.2,1042
44070,41.14,60.37,1437.6,423.4,388,22.36,0,128.4,1042
44100,35.31,60.63,1372.9,523.1,409,19.00,0,128.0,1042
44130,37.45,60.36,1381.5,386.2,456,19.15,0,129.0,1042
44160,34.43,60.27,1322.5,495.4,332,18.98,0,128.2,1042
44190,36.23,60.79,1190.3,389.3,440,14.56,0,128.3,1042
44220,36.20,61.14,1437.8,636.8,349,15.74,0,127.9,1042
44250,34.89,60.90,1518.3,551.8,363,15.70,0,127.1,1042
44280,39.07,60.78,1251.7,388.8,434,16.82,0,127.4,1042
44310,37.45,61.04,1317.6,465.6,346,16.19,0,127.3,1042
44340,34.14,60.91,1162.5,507.6,374,11.54,0,126.4,1042
44370,37.83,61.22,1289.3,434.0,345,15.83,0,127.0,1042
44400,32.32,61.04,1179.8,416.7,357,15.73,0,125.9,1042
44430,31.80,61.07,1213.9,411.4,407,15.35,0,124.8,1042
44460,35.61,61.18,1066.3,368.3,340,13.73,0,124.4,1042
44490,38.17,61.36,1475.7,557.1,366,17.85,0,125.3,1042
44520,34.65,61.35,1268.0,482.0,425,12.62,0,125.9,1042
44550,34.57,61.08,1376.4,486.5,406,16.10,0,126.6,1042
44580,37.13,61.57,1445.0,563.0,369,16.52,0,127.5,1042
44610,33.69,61.33,1539.5,656.6,315,14.06,0,127.5,1042
44640,31.45,61.55,1112.6,423.6,276,15.80,0,127.2,1042
44670,30.77,61.72,1122.8,407.7,308,10.61,0,128.0,1042
44700,30.15,61.64,1390.5,544.3,355,12.06,0,127.0,1042
44730,29.06,61.86,1265.0,335.9,250,12.48,0,126.3,1042
44760,33.61,61.83,1530.4,496.7,279,14.04,0,125.3,1042
44790,33.75,61.87,1453.6,545.8,246,14.01,0,124.3,1042
44820,30.18,61.74,1143.4,427.9,285,11.91,0,125.4,1042
44850,31.90,62.06,1133.1,405.3,309,15.15,0,125.0,1042
44880,26.67,62.61,1393.5,568.8,294,12.27,0,124.7,1042
44910,30.01,62.75,1033.1,445.0,281,9.47,0,125.0,1042
44940,26.68,62.74,1526.4,556.9,215,11.41,0,124.5,1042
44970,27.80,62.80,1372.4,374.4,270,11.04,0,125.6,1042
45000,29.97,63.16,1314.6,497.0,248,9.11,0,125.2,1042
45030,24.79,63.67,1077.8,304.2,194,12.91,0,124.2,1042
45060,22.81,63.74,1244.9,429.5,281,10.83,0,125.0,1042
45090,25.26,64.27,1398.4,458.6,155,11.52,0,123.9,1042
45120,24.47,64.61,1189.5,474.2,230,9.64,0,123.5,1042
45150,24.19,64.73,1270.4,402.2,219,9.16,0,123.3,1042
45180,22.35,64.57,1061.5,415.6,165,5.87,0,124.2,1042
45210,19.60,64.27,1096.1,363.1,116,3.71,0,123.2,1042
45240,20.26,64.39,1194.6,431.9,212,5.01,0,123.3,1042
45270,22.16,64.25,1183.6,493.5,192,4.71,0,124.3,1042
45300,21.58,64.36,1028.2,395.5,198,8.93,0,123.3,1042
45330,17.95,64.26,1016.6,380.0,174,6.82,0,123.9,1042
45360,20.81,64.54,1327.4,526.3,201,8.36,0,124.3,1042
45390,20.35,64.70,1414.9,499.8,131,6.68,0,123.8,1042
45420,18.75,64.68,1235.9,456.9,185,9.29,0,122.9,1042
45450,22.00,64.51,1230.3,551.9,150,5.63,0,123.3,1042
45480,20.01,64.64,1122.7,400.0,128,10.19,0,122.9,1042
45510,22.02,64.54,1180.9,481.6,129,9.02,0,124.0,1042
45540,22.60,64.48,1440.3,569.8,175,8.26,0,125.0,1042
45570,18.62,64.83,1220.5,348.4,64,3.67,0,125.7,1042
45600,17.48,64.69,1254.7,552.9,77,8.33,0,125.2,1042
45630,21.22,64.94,1387.7,378.6,83,8.25,0,125.9,1042
45660,20.90,65.37,1375.4,395.7,98,4.37,0,125.8,1042
45690,14.53,65.90,1492.5,610.5,59,5.72,0,126.7,1042
45720,13.96,65.73,1183.2,366.9,43,5.24,0,126.6,1042
45750,16.92,66.10,975.2,374.3,116,4.75,0,127.3,1042
45780,17.00,66.41,1431.0,588.9,136,5.84,0,127.9,1042
45810,16.97,66.38,1096.6,285.9,12,2.63,1,129.1,1042
45840,18.52,66.43,1482.6,508.6,94,8.71,0,128.9,1042
45870,18.76,66.69,1147.9,315.4,25,5.55,0,129.5,1042
45900,13.95,66.50,1025.4,372.4,78,1.00,0,128.9,1042
45930,14.16,66.22,1428.8,450.7,40,1.67,0,129.7,1042
45960,17.88,66.10,1100.5,359.6,139,2.86,0,130.7,1042
45990,20.56,66.45,1066.1,385.7,110,10.68,0,131.5,1042
46020,16.85,66.25,1281.0,429.9,79,5.93,0,132.6,1042
46050,15.48,66.52,1259.4,356.3,50,5.16,0,132.1,1042
46080,12.96,66.78,1296.3,392.3,125,4.47,0,131.0,1042
46110,15.84,67.08,1240.3,377.8,123,1.00,0,130.0,1042
46140,14.11,67.59,1240.5,368.6,81,5.70,0,129.3,1042
46170,17.22,67.61,1166.3,440.8,79,3.17,0,130.1,1042
46200,17.21,67.30,1315.0,531.8,143,3.01,0,129.5,1042
46230,17.63,67.32,1106.0,360.9,138,5.03,0,130.5,1042
46260,15.76,67.69,1036.3,420.4,138,7.08,0,129.6,1042
46290,21.69,68.08,1245.0,411.6,170,11.66,0,129.2,1042
46320,19.19,68.13,1337.6,402.3,80,3.32,0,130.0,1042
46350,20.81,68.47,1424.8,447.8,156,5.22,0,128.9,1042
46380,16.19,68.43,1002.8,272.2,197,6.52,0,129.5,1042
46410,20.94,68.56,1100.2,277.8,78,3.70,0,129.7,1042
46440,20.06,68.90,972.7,283.8,205,5.76,1,131.3,1042
46470,23.77,68.71,1043.4,312.6,155,9.19,0,131.0,1042
46500,22.97,68.64,1102.3,298.3,147,4.93,1,132.4,1042
46530,17.96,68.43,1068.9,440.2,101,7.08,0,133.3,1042
46560,24.96,68.74,1049.6,311.0,114,10.93,0,133.7,1042
46590,21.52,68.44,978.8,320.8,247,7.45,0,133.5,1042
46620,19.56,68.29,1226.6,394.0,205,6.57,0,134.2,1042
46650,22.10,68.75,1260.5,498.1,140,5.57,0,135.0,1042
46680,22.25,69.11,1003.8,335.9,270,11.89,0,135.7,1042
46710,26.18,69.39,948.5,318.7,145,14.14,0,136.1,1042
46740,23.10,69.74,1309.0,509.8,171,6.18,0,136.1,1042
46770,25.17,70.28,947.6,358.8,283,8.88,0,136.5,1042
46800,22.30,70.14,1144.7,336.1,261,6.14,0,136.2,1042
46830,21.82,69.91,1183.4,451.1,216,6.44,0,136.2,1042
46860,25.76,69.71,1129.0,401.5,240,11.43,0,135.8,1042
46890,22.03,69.71,1033.1,396.5,261,10.07,0,136.1,1042
46920,24.66,69.90,1362.2,376.2,243,8.09,0,136.6,1042
46950,28.63,70.30,1367.2,465.4,273,15.85,0,136.7,1042
46980,30.56,70.57,1361.4,455.4,231,10.38,0,137.2,1042
47010,24.97,70.90,1313.0,426.2,319,9.64,0,138.0,1042
47040,24.88,71.06,940.8,384.0,358,6.88,0,139.2,1042
47070,30.07,71.32,1161.0,504.2,288,12.63,0,139.1,1042
47100,27.90,71.54,1378.6,476.6,271,9.34,0,139.1,1042
47130,27.16,71.93,1351.6,542.1,270,15.05,0,138.1,1042
47160,25.71,71.66,1183.9,501.0,293,11.46,0,138.1,1042
47190,29.44,71.64,1085.6,274.1,280,9.45,0,138.8,1042
47220,33.52,72.01,1277.6,408.3,382,12.85,0,139.9,1042
47250,26.72,71.77,1018.5,407.8,362,11.52,0,140.0,1042
47280,27.37,71.79,1089.8,325.4,422,8.13,0,139.6,1042
47310,30.17,71.72,915.4,408.7,393,16.06,0,139.2,1042
47340,29.83,72.08,1320.9,410.4,415,11.51,0,138.2,1042
47370,32.33,71.86,1027.8,386.6,365,12.56,0,138.6,1042
47400,27.69,71.91,1355.6,476.8,325,9.97,0,137.5,1042
47430,27.59,72.04,1214.6,408.7,411,13.55,0,137.2,1042
47460,31.76,71.98,1266.9,415.3,336,14.07,0,137.9,1042
47490,32.79,72.33,1330.3,505.4,374,14.14,0,136.9,1042
47520,34.99,72.51,1188.8,390.2,325,17.20,1,138.0,1042
47550,28.29,72.22,1023.5,370.3,409,15.72,0,138.6,1042
47580,29.40,72.06,898.1,310.7,397,11.48,0,139.5,1042
47610,32.84,72.07,1242.6,467.8,433,14.00,0,140.0,1042
47640,35.63,72.25,1302.4,490.7,397,18.13,0,139.4,1042
47670,30.96,72.04,1058.1,261.4,438,11.96,0,140.0,1042
47700,34.01,72.36,949.8,391.7,432,11.60,0,140.0,1042
47730,29.32,72.28,1286.1,488.6,353,10.06,0,140.0,1042
47760,31.18,72.41,1117.1,434.3,423,17.60,0,140.0,1042
47790,32.07,72.92,1106.0,471.8,377,17.31,0,140.0,1042
47820,33.76,72.89,1004.5,321.7,369,18.45,1,139.8,1042
47850,31.04,73.39,901.6,265.7,346,12.87,0,138.7,1042
47880,27.89,73.84,1301.4,522.9,459,8.07,0,137.9,1042
47910,27.85,74.25,1071.3,308.8,401,14.51,0,138.9,1042
47940,29.49,73.90,926.8,294.7,362,16.66,0,140.0,1042
47970,34.39,73.60,1345.9,414.4,426,11.97,0,140.0,1042
48000,34.23,73.28,1250.2,323.7,419,17.55,1,140.0,1042
48030,30.62,73.30,1348.5,521.1,334,14.13,0,139.4,1042
48060,28.11,73.27,1088.3,352.4,388,15.75,0,140.0,1042
48090,30.85,73.33,1252.0,343.9,410,14.24,0,139.2,1042
48120,31.81,73.04,1053.1,304.3,412,14.40,0,138.4,1042
48150,31.25,73.04,1032.8,343.3,320,17.60,0,138.8,1042
48180,29.85,73.26,1113.7,411.6,298,10.64,0,139.3,1042
48210,30.71,72.96,958.3,254.1,294,14.21,0,139.7,1042
48240,28.30,72.71,1183.8,446.1,324,14.63,0,140.0,1042
48270,28.77,73.05,1206.0,342.9,312,15.94,1,140.0,1042
48300,24.55,72.79,1031.3,360.5,324,6.29,0,140.0,1042
48330,24.70,72.96,1034.5,342.0,360,7.89,0,139.8,1042
48360,23.51,73.23,1221.5,395.9,265,5.16,0,138.8,1042
48390,24.07,73.70,885.9,287.2,250,5.79,0,139.8,1042
48420,26.78,74.18,845.9,362.0,227,8.48,0,140.0,1042
48450,27.49,74.32,943.7,285.9,288,9.17,0,140.0,1042
48480,19.86,74.78,1285.6,355.4,227,10.03,0,139.0,1042
48510,19.25,75.25,1126.7,368.6,210,2.86,0,138.0,1042
48540,26.19,75.70,957.7,389.6,220,11.58,0,137.5,1042
48570,24.84,75.66,1315.1,517.7,309,12.12,0,137.8,1042
48600,23.10,75.84,1251.8,467.2,173,5.62,0,138.1,1042
48630,23.52,75.67,1155.6,400.1,261,7.91,0,138.1,1042
48660,19.23,75.40,1284.3,347.4,171,9.81,0,137.7,1042
48690,18.91,75.27,1018.5,328.7,235,2.35,0,138.0,1042
48720,16.14,75.43,1144.5,341.7,211,1.85,0,137.7,1042
48750,15.32,75.52,1073.3,385.3,247,2.48,0,138.8,1042
48780,19.78,75.29,810.9,262.1,183,4.59,1,138.2,1042
48810,14.93,75.73,898.7,348.6,233,2.15,0,138.2,1042
48840,19.77,75.49,963.7,385.7,159,6.80,0,139.3,1042
48870,15.95,75.62,1111.1,400.9,134,6.61,0,139.1,1042
48900,16.36,75.81,787.8,277.6,216,7.17,0,138.2,1042
48930,17.44,76.14,981.1,269.1,187,2.21,0,138.5,1042
48960,13.04,75.97,890.9,341.2,94,1.00,0,138.3,1042
48990,13.04,75.97,890.9,341.2,94,1.00,0,138.3,1042
49020,13.04,75.97,890.9,341.2,94,1.00,0,138.3,1042
49050,13.04,75.97,890.9,341.2,94,1.00,0,138.3,1042
49080,13.04,75.97,890.9,341.2,94,1.00,0,138.3,1042
49110,13.04,75.97,890.9,341.2,94,1.00,0,138.3,1042
49140,13.04,75.97,890.9,341.2,94,1.00,0,138.3,1042
49170,13.04,75.97,890.9,341.2,94,1.00,0,138.3,1042
49200,13.04,75.97,890.9,341.2,94,1.00,0,138.3,1042
49230,13.04,75.97,890.9,341.2,94,1.00,0,138.3,1042
49260,13.04,75.97,890.9,341.2,94,1.00,0,138.3,1042
49290,13.04,75.97,890.9,341.2,94,1.00,0,138.3,1042
49320,13.04,75.97,890.9,341.2,94,1.00,0,138.3,1042
49350,13.04,75.97,890.9,341.2,94,1.00,0,138.3,1042
49380,13.04,75.97,890.9,341.2,94,1.00,0,138.3,1042
49410,13.04,75.97,890.9,341.2,94,1.00,0,138.3,1042
49440,13.04,75.97,890.9,341.2,94,1.00,0,138.3,1042
49470,13.04,75.97,890.9,341.2,94,1.00,0,138.3,1042
49500,13.04,75.97,890.9,341.2,94,1.00,0,138.3,1042
49530,13.04,75.97,890.9,341.2,94,1.00,0,138.3,1042
49560,13.04,75.97,890.9,341.2,94,1.00,0,138.3,1042
49590,13.04,75.97,890.9,341.2,94,1.00,0,138.3,1042
49620,13.04,75.97,890.9,341.2,94,1.00,0,138.3,1042
49650,13.04,75.97,890.9,341.2,94,1.00,0,138.3,1042
49680,13.04,75.97,890.9,341.2,94,1.00,0,138.3,1042
49710,13.04,75.97,890.9,341.2,94,1.00,0,138.3,1042
49740,13.04,75.97,890.9,341.2,94,1.00,0,138.3,1042
49770,13.04,75.97,890.9,341.2,94,1.00,0,138.3,1042
49800,13.04,75.97,890.9,341.2,94,1.00,0,138.3,1042
49830,13.04,75.97,890.9,341.2,94,1.00,0,138.3,1042
49860,13.04,75.97,890.9,341.2,94,1.00,0,138.3,1042
49890,13.04,75.97,890.9,341.2,94,1.00,0,138.3,1042
49920,13.04,75.97,890.9,341.2,94,1.00,0,138.3,1042
49950,13.04,75.97,890.9,341.2,94,1.00,0,138.3,1042
49980,13.04,75.97,890.9,341.2,94,1.00,0,138.3,1042
50010,13.04,75.97,890.9,341.2,94,1.00,0,138.3,1042
50040,13.04,75.97,890.9,341.2,94,1.00,0,138.3,1042
50070,13.04,75.97,890.9,341.2,94,1.00,0,138.3,1042
50100,13.04,75.97,890.9,341.2,94,1.00,0,138.3,1042
50130,13.04,75.97,890.9,341.2,94,1.00,0,138.3,1042
50160,13.04,75.97,890.9,341.2,94,1.00,0,138.3,1042
50190,13.04,75.97,890.9,341.2,94,1.00,0,138.3,1042
50220,13.04,75.97,890.9,341.2,94,1.00,0,138.3,1042
50250,13.04,75.97,890.9,341.2,94,1.00,0,138.3,1042
50280,13.04,75.97,890.9,341.2,94,1.00,0,138.3,1042
50310,13.04,75.97,890.9,341.2,94,1.00,0,138.3,1042
50340,13.04,75.97,890.9,341.2,94,1.00,0,138.3,1042
50370,13.04,75.97,890.9,341.2,94,1.00,0,138.3,1042
50400,13.04,75.97,890.9,341.2,94,1.00,0,138.3,1042
50430,13.04,75.97,890.9,341.2,94,1.00,0,138.3,1042
50460,13.04,75.97,890.9,341.2,94,1.00,0,138.3,1042
50490,13.04,75.97,890.9,341.2,94,1.00,0,138.3,1042
50520,13.04,75.97,890.9,341.2,94,1.00,0,138.3,1042
50550,13.04,75.97,890.9,341.2,94,1.00,0,138.3,1042
50580,13.04,75.97,890.9,341.2,94,1.00,0,138.3,1042
50610,13.04,75.97,890.9,341.2,94,1.00,0,138.3,1042
50640,13.04,75.97,890.9,341.2,94,1.00,0,138.3,1042
50670,13.04,75.97,890.9,341.2,94,1.00,0,138.3,1042
50700,13.04,75.97,890.9,341.2,94,1.00,0,138.3,1042
50730,13.04,75.97,890.9,341.2,94,1.00,0,138.3,1042
50760,13.04,75.97,890.9,341.2,94,1.00,0,138.3,1042
50790,13.04,75.97,890.9,341.2,94,1.00,0,138.3,1042
50820,13.04,75.97,890.9,341.2,94,1.00,0,138.3,1042
50850,13.04,75.97,890.9,341.2,94,1.00,0,138.3,1042
50880,13.04,75.97,890.9,341.2,94,1.00,0,138.3,1042
50910,13.04,75.97,890.9,341.2,94,1.00,0,138.3,1042
50940,13.04,75.97,890.9,341.2,94,1.00,0,138.3,1042
50970,13.04,75.97,890.9,341.2,94,1.00,0,138.3,1042
51000,13.04,75.97,890.9,341.2,94,1.00,0,138.3,1042
51030,13.04,75.97,890.9,341.2,94,1.00,0,138.3,1042
51060,13.04,75.97,890.9,341.2,94,1.00,0,138.3,1042
51090,13.04,75.97,890.9,341.2,94,1.00,0,138.3,1042
51120,13.04,75.97,890.9,341.2,94,1.00,0,138.3,1042
51150,13.04,75.97,890.9,341.2,94,1.00,0,138.3,1042
51180,13.04,75.97,890.9,341.2,94,1.00,0,138.3,1042
51210,13.04,75.97,890.9,341.2,94,1.00,0,138.3,1042
51240,13.04,75.97,890.9,341.2,94,1.00,0,138.3,1042
51270,13.04,75.97,890.9,341.2,94,1.00,0,138.3,1042
51300,13.04,75.97,890.9,341.2,94,1.00,0,138.3,1042
51330,13.04,75.97,890.9,341.2,94,1.00,0,138.3,1042
51360,24.64,83.43,814.5,205.3,463,8.65,0,131.1,1042
51390,24.65,83.66,1063.6,370.8,356,9.57,0,131.4,1042
51420,28.76,84.19,837.3,305.8,378,16.14,0,131.6,1042
51450,23.70,84.58,767.2,321.4,339,11.74,0,130.6,1042
51480,29.25,84.87,990.4,313.2,445,14.94,0,129.4,1042
51510,29.57,84.69,900.5,281.3,327,11.98,0,129.6,1042
51540,22.56,84.38,837.6,320.8,415,10.09,0,130.2,1042
51570,28.66,84.53,918.5,232.5,377,14.80,0,130.8,1042
51600,22.66,84.83,992.6,262.5,421,8.34,0,131.0,1042
51630,22.29,85.21,748.8,222.5,306,9.04,0,130.2,1042
51660,25.96,85.67,834.7,258.0,348,10.58,0,131.3,1042
51690,25.57,85.86,1110.7,387.1,364,9.28,0,132.4,1042
51720,22.89,85.59,1130.2,468.7,295,4.97,0,133.1,1042
51750,19.98,85.34,883.9,379.9,361,3.45,0,132.4,1042
51780,22.32,85.52,1081.3,406.1,380,9.52,0,131.3,1042
51810,24.43,86.06,1052.4,413.8,305,11.83,0,131.9,1042
51840,21.13,85.92,807.7,220.3,390,5.43,0,132.0,1042
51870,21.60,85.70,1109.2,433.8,269,4.20,0,131.9,1042
51900,19.84,85.86,953.8,330.0,290,5.16,1,132.1,1042
51930,23.40,85.93,939.3,335.2,366,7.04,0,132.3,1042
51960,23.60,86.24,627.1,177.3,297,6.14,1,132.2,1042
51990,18.99,86.01,738.2,210.1,247,3.35,0,132.8,1042
52020,20.39,86.42,820.1,334.9,343,6.89,0,131.6,1042
52050,23.11,86.37,938.0,306.4,340,9.84,0,131.3,1042
52080,21.11,86.62,692.8,205.2,208,4.32,0,131.7,1042
52110,21.57,86.46,1036.2,395.0,230,5.90,0,132.9,1042
52140,20.29,86.58,1040.2,377.7,202,3.83,0,133.1,1042
52170,15.55,86.31,917.6,222.6,279,7.88,0,134.2,1042
52200,19.59,86.82,1074.3,352.1,217,3.22,0,134.7,1042
52230,12.56,86.88,920.0,247.4,200,5.79,0,133.9,1042
52260,12.47,87.35,899.5,259.4,290,1.00,0,133.2,1042
52290,15.12,87.49,966.9,340.1,204,6.20,0,132.5,1042
52320,12.91,87.54,656.0,264.4,228,3.77,0,131.9,1042
52350,14.05,87.27,890.9,371.1,242,3.43,0,131.1,1042
52380,12.45,87.10,1001.4,416.0,229,1.72,0,132.1,1042
52410,9.72,87.47,979.2,362.4,213,1.00,0,132.8,1042
52440,8.75,87.78,901.3,295.8,201,1.00,0,133.1,1042
52470,11.99,87.46,657.5,242.4,151,2.63,0,133.6,1042
52500,7.75,87.75,971.7,386.5,220,1.00,0,133.8,1042
52530,9.60,88.25,956.6,372.1,116,1.00,1,134.2,1042
52560,7.77,88.43,843.7,271.6,129,1.00,0,134.4,1042
52590,11.41,88.61,722.7,225.3,71,1.00,0,133.4,1042
52620,6.26,88.39,839.7,311.0,92,1.00,0,133.6,1042
52650,11.05,88.45,675.0,295.3,149,4.57,0,134.8,1042
52680,9.17,88.15,962.2,382.8,134,3.34,0,134.8,1042
52710,11.69,88.13,875.6,314.6,159,3.14,0,134.9,1042
52740,9.85,88.41,652.5,238.3,149,1.00,1,134.5,1042
52770,11.79,88.29,625.8,182.4,159,1.55,0,133.5,1042
52800,6.06,88.79,659.1,223.5,75,1.00,0,133.5,1042
52830,9.90,88.52,949.0,381.0,107,1.00,0,134.3,1042
52860,9.74,88.61,821.0,273.2,101,1.00,0,133.5,1042
52890,3.66,88.86,672.3,203.6,75,1.00,0,132.8,1042
52920,5.63,89.07,937.3,336.8,147,1.00,0,133.7,1042
52950,4.71,89.10,674.1,213.0,35,1.00,0,133.8,1042
52980,6.36,89.49,765.0,300.2,20,1.00,0,133.0,1042
53010,6.15,89.77,738.0,258.2,55,1.00,0,132.7,1042
53040,8.21,89.83,845.7,359.9,123,1.00,0,133.0,1042
53070,7.97,89.93,620.6,207.1,74,1.00,0,132.2,1042
53100,10.27,90.12,1041.3,286.1,31,1.79,0,132.7,1042
53130,5.91,90.47,586.6,184.6,66,1.00,0,133.9,1042
53160,8.43,90.14,927.1,389.7,149,3.63,0,134.8,1042
53190,8.41,89.96,699.7,225.7,43,1.00,0,135.7,1042
53220,5.83,90.14,700.3,184.8,33,1.00,0,135.5,1042
53250,3.95,90.26,615.7,259.2,151,1.00,0,134.4,1042
53280,9.70,90.05,923.3,284.7,73,4.16,0,135.3,1042
53310,7.90,89.83,925.9,293.8,87,1.00,0,135.6,1042
53340,8.72,89.49,886.0,259.7,47,1.26,0,134.7,1042
53370,9.73,89.17,776.3,242.2,132,2.57,0,135.8,1042
53400,5.02,89.52,683.6,230.8,170,1.00,0,136.9,1042
53430,6.13,89.40,943.3,417.0,101,1.00,0,138.0,1042
53460,10.88,89.87,1002.4,307.2,121,1.00,0,137.1,1042
53490,6.51,89.97,944.0,399.3,153,1.00,0,136.9,1042
53520,8.06,90.26,704.4,276.6,131,2.90,0,138.0,1042
53550,8.81,90.02,844.9,331.9,90,4.08,0,137.0,1042
53580,7.14,90.29,1003.1,262.6,169,1.00,0,137.2,1042
53610,9.16,90.36,666.0,238.7,99,1.87,0,136.8,1042
53640,13.05,90.82,783.5,240.1,153,5.03,0,136.1,1042
53670,6.11,91.15,783.0,259.2,163,1.00,0,136.2,1042
53700,14.06,91.56,529.1,154.6,164,1.00,0,135.7,1042
53730,7.95,91.21,922.9,264.1,138,2.66,0,135.2,1042
53760,10.06,91.59,630.7,263.0,142,1.00,0,134.7,1042
53790,14.44,91.43,598.9,245.8,144,7.27,1,135.0,1042
53820,10.02,91.48,775.3,274.8,228,1.00,0,135.3,1042
53850,11.22,91.52,558.2,212.8,248,3.17,0,135.2,1042
53880,13.25,91.58,987.2,291.6,193,6.20,0,136.3,1042
53910,14.05,91.85,821.3,332.4,271,4.90,0,136.8,1042
53940,15.32,91.51,986.7,360.4,164,7.09,0,137.8,1042
53970,12.20,91.33,993.2,414.5,281,1.00,0,136.7,1042
54000,13.99,91.25,836.0,259.3,187,6.57,1,136.1,1042
54030,17.79,91.51,926.5,295.3,227,2.16,0,134.9,1042
54060,16.38,91.18,904.1,265.1,294,8.40,0,135.9,1042
54090,14.40,90.92,877.2,266.9,232,5.09,0,135.1,1042
54120,17.82,91.30,998.7,426.2,318,3.26,0,135.1,1042
54150,14.99,91.18,660.3,183.9,253,2.02,0,134.9,1042
54180,15.04,91.16,807.6,221.7,298,5.02,0,135.8,1042
54210,14.76,91.69,731.6,304.1,313,6.87,0,134.8,1042
54240,20.55,91.53,955.4,418.9,246,10.13,0,134.5,1042
54270,20.95,91.81,568.4,214.4,287,10.23,0,133.5,1042
54300,19.30,91.56,513.0,172.9,325,4.42,0,134.2,1042
54330,18.61,91.51,660.4,195.2,322,3.15,0,133.9,1042
54360,16.98,91.93,499.1,168.8,399,5.90,0,134.2,1042
54390,17.94,91.88,790.0,277.6,274,8.83,0,134.3,1042
54420,17.58,91.61,797.3,287.2,345,6.10,0,135.4,1042
54450,19.81,70.57,578.1,202.4,397,7.35,0,135.3,1042
54480,24.19,70.90,599.5,234.8,339,10.23,0,134.7,1042
54510,23.94,70.66,637.1,222.2,383,6.80,0,134.1,1042
54540,17.52,70.83,488.1,216.7,394,8.90,0,133.2,1042
54570,20.53,70.85,887.8,322.9,400,3.84,0,132.9,1042
54600,21.17,71.18,934.3,395.6,344,10.58,0,133.4,1042
54630,21.61,70.93,850.1,331.2,393,5.33,0,134.1,1042
54660,19.59,70.85,784.1,270.3,433,4.71,0,133.7,1042
54690,20.67,71.02,654.2,287.1,378,8.06,0,133.0,1042
54720,21.75,71.28,500.3,165.3,410,4.54,0,132.9,1042
54750,22.48,71.71,604.7,212.4,373,7.33,0,134.0,1042
54780,23.00,71.49,681.2,201.9,359,11.54,0,133.1,1042
54810,25.03,43.62,512.3,154.8,372,8.92,0,133.2,1042
54840,20.29,43.77,718.3,306.7,377,6.06,0,132.5,1042
54870,19.21,43.44,676.7,253.0,368,4.15,0,133.4,1042
54900,22.08,43.69,648.9,245.3,352,7.68,0,134.3,1042
54930,20.75,43.79,595.4,204.7,451,4.35,0,135.1,1042
54960,21.06,44.26,684.9,199.2,383,7.94,0,134.3,1042
54990,19.91,44.06,765.6,301.2,373,4.04,0,135.1,1042
55020,22.65,44.51,844.1,311.1,411,7.80,0,134.2,1042
55050,24.99,44.61,627.6,223.3,331,12.86,0,134.8,1042
55080,18.20,45.05,684.6,298.9,381,7.85,0,134.3,1042
55110,19.60,45.11,501.1,204.6,389,8.20,0,135.2,1042
55140,19.64,45.55,859.1,337.5,376,5.41,0,134.2,1042
55170,20.86,45.97,901.2,292.8,356,6.55,0,134.9,1042
55200,18.84,45.81,842.3,290.8,443,3.93,0,134.6,1042
55230,22.02,45.92,630.6,268.5,432,4.80,0,134.3,1042
55260,22.15,45.77,778.6,243.9,349,8.59,0,133.2,1042
55290,19.60,45.43,904.1,268.0,299,10.68,0,134.2,1042
55320,21.65,45.20,718.9,284.2,411,8.22,0,133.9,1042
55350,21.90,45.17,876.6,348.6,403,9.12,0,133.8,1042
55380,17.73,45.63,650.8,195.9,403,2.88,0,132.9,1042
55410,15.39,46.04,899.6,240.3,309,1.00,0,132.6,1042
55440,18.87,45.90,499.5,173.4,376,8.67,0,131.7,1042
55470,16.21,45.74,480.3,140.0,263,7.59,0,130.7,1042
55500,14.49,45.91,581.5,184.1,339,1.00,0,131.2,1042
55530,20.01,46.29,498.4,181.1,356,9.50,1,131.5,1042
55560,20.11,46.09,640.9,238.9,369,5.71,0,131.6,1042
55590,17.56,45.86,490.7,223.1,348,8.09,0,131.1,1042
55620,17.48,46.34,724.8,313.2,227,4.40,0,131.7,1042
55650,15.33,46.02,903.7,247.8,331,2.14,0,131.2,1042
55680,16.04,46.41,522.3,133.1,259,7.74,0,131.6,1042
55710,13.26,46.87,894.9,351.3,223,3.26,0,130.9,1042
55740,12.66,46.82,765.1,333.3,231,1.00,0,129.7,1042
55770,13.00,46.70,641.7,194.5,294,4.65,0,128.7,1042
55800,10.78,46.78,791.7,272.2,254,3.39,0,129.4,1042
55830,15.03,46.86,836.6,277.8,275,5.87,0,128.9,1042
55860,15.13,47.07,842.6,327.1,169,2.10,0,128.6,1042
55890,10.04,47.45,644.5,290.7,238,1.00,0,129.7,1042
55920,11.54,47.87,902.9,379.2,263,2.48,0,129.2,1042
55950,10.06,48.22,469.7,178.7,145,1.77,1,129.5,1042
55980,12.47,47.89,820.4,281.0,185,1.00,0,129.5,1042
56010,12.88,48.30,465.8,165.8,241,2.99,0,129.7,1042
56040,8.67,48.80,730.8,249.8,174,1.46,0,130.7,1042
56070,7.25,48.49,454.7,104.4,194,1.00,0,131.2,1042
56100,4.56,48.74,841.7,302.5,90,1.00,0,130.7,1042
56130,9.12,48.72,752.9,234.6,155,3.18,0,130.6,1042
56160,5.71,48.69,598.8,235.7,199,1.99,0,130.4,1042
56190,10.02,48.58,652.3,202.9,91,1.00,0,130.6,1042
56220,7.53,48.69,774.2,210.8,172,1.00,0,130.0,1042
56250,3.10,48.44,508.0,142.1,107,1.00,0,131.2,1042
56280,6.83,48.83,496.0,238.6,161,1.00,0,131.5,1042
56310,3.48,48.83,783.2,239.4,126,1.00,0,131.3,1042
56340,4.99,48.75,414.2,131.4,86,1.85,0,130.6,1042
56370,3.18,48.97,648.7,212.8,105,1.00,0,129.6,1042
56400,1.80,49.14,750.4,284.3,52,1.00,1,129.4,1042
56430,2.04,49.03,516.3,205.2,140,1.00,0,128.8,1042
56460,1.09,49.51,735.4,323.3,162,1.00,0,127.9,1042
56490,4.14,49.35,650.8,171.0,68,1.00,0,127.2,1042
56520,4.36,49.43,842.2,334.4,64,1.00,0,128.1,1042
56550,1.71,49.83,914.4,379.4,148,1.00,0,128.7,1042
56580,0.50,49.92,488.7,139.2,89,1.00,0,128.1,1042
56610,6.38,49.58,654.3,218.8,147,1.54,0,128.0,1042
56640,0.50,50.10,438.7,137.8,65,1.00,0,128.0,1042
56670,6.53,50.29,557.2,262.7,85,1.00,0,128.6,1042
56700,2.01,50.30,496.5,207.5,82,1.00,0,128.0,1042
56730,6.56,50.30,703.0,255.9,107,1.00,0,127.6,1042
56760,4.13,50.32,844.9,354.9,86,1.00,0,128.5,1042
56790,0.50,50.10,878.7,315.5,136,1.00,0,128.5,1042
56820,5.64,50.34,837.8,277.8,118,1.00,0,129.5,1042
56850,1.36,50.70,667.0,234.7,114,1.00,1,129.2,1042
56880,0.50,51.09,391.8,158.1,52,1.00,0,128.8,1042
56910,4.45,50.99,727.0,302.7,120,1.00,0,129.3,1042
56940,0.50,51.30,894.0,337.4,65,1.00,0,130.1,1042
56970,5.00,51.43,692.7,255.0,81,1.00,0,129.9,1042
57000,0.50,51.58,771.4,255.5,118,1.00,0,130.1,1042
57030,6.87,51.94,797.4,228.6,44,1.00,1,129.4,1042
57060,0.50,51.78,549.7,206.8,88,1.00,0,128.9,1042
57090,6.47,52.00,487.9,197.4,123,1.00,0,128.5,1042
57120,2.79,52.31,507.0,171.7,112,1.00,0,127.8,1042
57150,4.60,52.50,651.0,287.2,174,1.32,0,127.8,1042
57180,4.20,52.66,639.7,277.5,149,1.00,0,128.2,1042
57210,2.23,52.66,470.7,191.9,139,1.00,0,128.6,1042
57240,4.30,52.77,801.9,297.8,142,1.00,0,128.3,1042
57270,8.82,53.26,811.3,271.1,108,1.00,0,129.0,1042
57300,8.31,53.51,611.5,275.0,181,1.00,0,129.9,1042
57330,4.87,53.96,539.0,147.0,224,1.00,0,128.7,1042
57360,3.68,53.83,848.3,299.4,209,1.00,0,129.9,1042
57390,6.29,53.53,501.2,174.5,214,1.00,0,129.2,1042
57420,8.21,53.78,470.9,225.6,142,3.65,0,128.4,1042
57450,5.06,53.68,560.7,212.5,221,1.00,0,128.0,1042
57480,9.84,53.42,521.1,132.3,176,4.51,0,127.6,1042
57510,10.94,53.90,401.8,101.1,270,4.11,0,127.9,1042
57540,7.14,54.17,560.9,153.5,177,1.71,0,127.6,1042
57570,8.15,54.52,441.7,103.8,186,1.00,0,127.4,1042
57600,9.60,54.70,413.6,158.5,242,4.69,0,126.7,1042
57630,15.02,55.05,842.4,288.9,263,3.04,0,125.7,1042
57660,9.72,54.71,746.1,230.2,323,1.00,1,125.0,1042
57690,12.04,54.86,628.7,255.3,228,1.00,0,123.8,1042
57720,16.27,54.85,616.6,174.5,212,2.11,0,122.8,1042
57750,15.26,55.05,753.3,317.8,345,6.12,0,123.2,1042
57780,12.85,55.24,824.3,311.8,346,1.00,0,122.1,1042
57810,16.08,55.06,692.7,221.6,334,3.55,1,122.6,1042
57840,16.44,55.61,822.0,321.4,307,8.68,0,121.6,1042
57870,17.02,55.69,418.6,135.8,367,2.72,0,120.8,1042
57900,13.45,55.69,801.4,229.3,273,6.46,0,120.5,1042
57930,15.61,56.22,542.1,196.3,347,7.52,1,121.1,1042
57960,19.31,55.94,368.6,143.2,334,4.72,0,120.9,1042
57990,17.80,55.72,390.8,167.9,361,4.48,0,122.0,1042
58020,15.77,55.75,806.4,283.9,335,3.48,0,121.5,1042
58050,15.21,55.61,523.7,219.4,411,2.40,0,121.7,1042
58080,14.10,56.11,759.4,261.2,394,3.74,0,121.5,1042
58110,19.62,56.49,534.9,158.4,352,9.13,0,120.3,1042
58140,19.19,56.35,759.0,322.4,368,4.74,0,119.2,1042
58170,20.03,56.25,734.6,216.3,342,6.18,0,118.5,1042
58200,20.35,56.20,808.2,292.5,376,7.43,0,117.9,1042
58230,18.62,56.72,761.9,236.6,353,5.42,0,116.9,1042
58260,18.13,57.06,604.6,179.8,448,7.78,0,116.1,1042
58290,22.60,57.01,647.4,280.8,321,5.50,0,115.8,1042
58320,15.37,57.18,774.7,245.4,413,1.21,0,116.3,1042
58350,18.68,57.01,552.1,208.8,420,5.13,0,116.5,1042
58380,21.07,56.74,354.2,111.2,424,11.59,0,117.5,1042
58410,21.05,56.59,669.8,286.6,452,8.08,0,117.0,1042
58440,18.75,56.55,486.1,222.7,349,7.00,0,117.4,1042
58470,17.76,56.78,415.9,165.6,409,8.57,0,117.8,1042
58500,16.94,56.52,420.5,120.3,379,5.39,0,116.8,1042
58530,16.85,57.05,847.6,232.4,355,5.29,0,118.0,1042
58560,21.50,57.53,572.7,186.0,453,8.93,0,117.8,1042
58590,15.39,58.01,411.1,130.9,403,5.75,0,118.6,1042
58620,19.07,58.42,382.8,154.7,351,6.71,0,118.6,1042
58650,20.27,58.94,593.4,156.0,379,6.50,0,118.7,1042
58680,20.70,58.72,396.9,131.3,329,6.35,0,119.2,1042
58710,19.46,58.41,443.8,169.1,355,4.29,0,119.1,1042
58740,20.33,58.15,816.4,330.7,398,9.15,0,118.7,1042
58770,16.30,58.27,368.5,167.8,385,4.20,0,118.0,1042
58800,18.20,58.64,597.2,197.8,403,3.65,0,117.5,1042
58830,20.28,58.46,607.5,264.7,412,10.74,0,118.6,1042
58860,18.42,58.97,817.3,313.0,337,7.75,0,119.2,1042
58890,19.99,58.85,679.0,202.4,377,10.59,0,119.8,1042
58920,19.26,58.85,652.1,186.9,427,4.78,0,119.9,1042
58950,16.43,59.13,698.0,245.0,310,3.32,0,119.7,1042
58980,19.80,59.30,336.6,156.8,299,8.91,0,120.1,1042
59010,12.92,59.81,339.1,111.0,337,5.01,0,119.2,1042
59040,18.28,60.04,654.7,206.1,265,2.02,0,118.6,1042
59070,16.22,59.78,516.1,163.6,281,7.27,0,119.0,1042
59100,12.81,59.46,805.5,253.5,252,2.53,0,118.9,1042
59130,14.87,59.46,789.3,273.8,305,5.00,0,117.8,1042
59160,14.83,59.12,400.9,156.3,286,3.32,0,118.1,1042
59190,16.54,59.13,588.8,242.0,331,8.92,0,118.6,1042
59220,10.46,59.28,750.9,239.4,261,1.00,0,117.5,1042
59250,13.57,59.70,574.9,143.4,231,2.99,0,116.6,1042
59280,8.13,60.10,618.2,221.0,319,1.00,0,116.9,1042
59310,9.82,59.98,727.2,226.1,238,1.00,0,116.1,1042
59340,11.02,60.46,317.6,85.7,211,1.00,0,117.1,1042
59370,6.75,60.18,489.1,204.2,212,1.00,0,117.3,1042
59400,13.01,59.93,540.4,180.8,204,3.89,0,117.5,1042
59430,8.20,60.42,458.7,190.4,186,3.69,0,116.7,1042
59460,9.39,60.20,327.3,107.1,207,1.00,0,117.0,1042
59490,5.89,60.22,606.6,180.8,257,1.00,0,116.8,1042
59520,9.56,60.10,343.6,108.5,185,1.00,0,117.0,1042
59550,9.02,59.83,772.9,312.3,169,4.36,1,118.1,1042
59580,10.62,59.65,763.0,256.5,178,1.00,0,117.7,1042
59610,10.26,59.76,406.6,141.5,229,1.00,0,117.1,1042
59640,4.74,60.03,569.9,164.2,200,1.00,0,116.7,1042
59670,7.51,59.87,792.7,272.1,219,1.00,0,116.4,1042
59700,5.56,60.36,555.8,173.8,118,1.00,0,115.4,1042
59730,1.25,60.59,677.4,215.5,222,1.00,0,115.0,1042
59760,3.74,60.63,586.4,142.6,133,1.00,0,114.2,1042
59790,3.81,60.79,377.5,98.0,153,1.00,0,114.1,1042
59820,5.24,60.83,301.4,123.2,132,1.00,0,114.8,1042
59850,4.54,60.82,790.2,296.4,165,1.00,0,113.7,1042
59880,4.58,60.67,625.4,245.1,182,1.00,0,112.8,1042
59910,0.50,60.45,767.1,267.7,63,1.00,0,113.1,1042
59940,0.50,60.21,505.3,156.6,121,1.00,0,112.9,1042
59970,0.50,60.28,429.4,153.3,74,1.00,0,112.6,1042
60000,3.11,60.67,356.5,128.3,95,1.00,1,113.7,1042
60030,2.76,60.94,364.7,184.5,148,1.00,0,112.8,1042
60060,1.81,60.88,459.5,114.0,49,1.00,0,113.0,1042
60090,0.50,61.18,810.9,219.7,154,1.00,0,112.4,1042
60120,2.51,61.23,519.4,169.7,109,1.00,0,113.6,1042
60150,0.50,61.42,519.1,225.4,45,1.00,0,114.2,1042
60180,0.50,61.91,546.5,241.1,84,1.00,0,115.1,1042
60210,0.50,61.68,358.8,128.3,104,1.00,0,115.1,1042
60240,0.50,61.45,442.5,148.2,34,1.00,0,114.3,1042
60270,3.66,61.20,554.6,187.9,31,1.00,0,113.3,1042
60300,1.68,61.05,532.5,220.2,13,1.00,0,114.2,1042
60330,0.50,60.84,382.8,142.7,139,1.00,0,115.2,1042
60360,2.96,61.02,460.8,145.8,85,1.00,0,116.4,1042
60390,0.50,61.56,440.1,136.7,142,1.00,0,116.2,1042
60420,3.28,61.76,499.4,168.5,53,1.00,0,116.5,1042
60450,4.28,61.84,781.6,244.3,50,1.00,0,116.8,1042
60480,0.50,61.94,752.1,271.2,18,1.00,0,117.5,1042
60510,4.22,61.68,690.0,288.2,158,1.00,0,116.8,1042
60540,0.50,61.51,800.1,266.5,113,1.00,0,116.5,1042
60570,0.50,61.70,360.7,130.9,125,1.00,0,115.4,1042
60600,4.99,61.38,717.1,195.2,42,1.00,0,116.3,1042
60630,0.51,61.07,734.3,293.7,153,1.00,0,117.2,1042
60660,0.50,61.57,328.6,119.7,176,1.00,0,117.7,1042
60690,0.50,61.91,743.5,264.2,90,1.00,0,118.7,1042
60720,5.93,62.37,742.0,228.6,116,1.00,0,118.3,1042
60750,6.28,62.43,597.6,217.8,194,1.00,0,117.7,1042
60780,2.99,62.46,519.9,201.1,133,1.00,0,118.6,1042
60810,0.50,62.98,359.0,150.3,111,1.00,0,118.5,1042
60840,0.50,62.64,664.5,221.7,209,1.00,0,118.5,1042
60870,0.50,62.72,425.3,164.4,110,1.00,0,118.0,1042
60900,2.73,62.45,496.8,195.8,133,1.00,0,117.4,1042
60930,3.18,62.74,604.5,239.0,132,1.00,0,116.4,1042
60960,6.25,62.60,426.8,92.3,127,1.44,0,115.8,1042
60990,1.97,62.83,615.6,249.0,132,1.00,0,114.9,1042
61020,5.12,62.92,656.2,262.4,161,1.50,0,115.5,1042
61050,9.82,62.61,461.0,176.1,263,1.85,0,115.9,1042
61080,9.30,63.12,632.8,217.3,170,1.80,0,115.9,1042
61110,5.89,62.79,392.6,129.4,216,1.00,0,115.0,1042
61140,6.03,63.18,532.6,196.4,269,1.00,0,115.0,1042
61170,10.37,63.10,284.8,85.0,164,2.02,0,116.0,1042
61200,5.32,63.05,732.6,283.9,225,1.00,0,115.0,1042
61230,12.10,63.19,564.8,243.1,294,2.82,0,115.3,1042
61260,10.85,63.22,311.6,92.1,192,1.00,0,115.6,1042
61290,11.68,63.61,356.5,70.6,214,1.00,0,116.7,1042
61320,13.39,64.00,535.1,169.7,214,1.00,0,117.4,1042
61350,13.89,63.99,530.9,224.4,316,1.57,0,116.4,1042
61380,11.01,63.68,462.4,205.2,260,4.41,0,116.8,1042
61410,8.95,63.34,303.0,92.4,345,1.00,0,118.0,1042
61440,14.86,63.33,751.6,280.0,362,3.34,0,118.8,1042
61470,14.81,63.26,572.0,244.1,372,5.46,0,118.9,1042
61500,15.40,63.29,767.7,223.4,254,1.00,0,119.5,1042
61530,12.09,63.57,578.1,143.5,279,3.47,0,120.0,1042
61560,12.42,63.97,652.6,282.9,321,5.79,1,121.0,1042
61590,17.32,64.09,389.6,125.3,316,2.04,0,120.9,1042
61620,13.41,63.86,695.1,237.7,400,2.88,0,119.8,1042
61650,17.98,64.12,486.0,177.7,357,5.06,0,120.7,1042
61680,14.08,63.91,598.0,178.9,303,1.00,0,121.5,1042
61710,15.88,64.05,484.0,189.3,301,4.59,0,120.3,1042
61740,12.06,64.37,585.6,278.2,389,1.00,0,121.5,1042
61770,14.39,64.71,416.5,137.8,351,3.76,0,120.4,1042
61800,12.67,64.61,730.2,221.1,329,1.00,0,119.6,1042
61830,14.00,64.92,673.8,257.8,437,5.51,0,120.7,1042
61860,17.21,64.69,662.3,225.0,317,6.89,0,121.6,1042
61890,16.23,65.19,290.0,90.5,449,1.91,0,122.6,1042
61920,14.73,65.21,584.2,216.4,448,4.98,0,121.8,1042
61950,15.93,65.66,477.7,120.7,442,2.94,0,121.8,1042
61980,16.37,65.73,357.0,164.4,383,2.98,0,122.9,1042
62010,14.34,66.10,704.8,226.7,348,1.42,0,121.9,1042
62040,15.01,66.62,606.3,186.8,397,5.69,0,121.5,1042
62070,20.65,66.89,511.1,237.3,458,7.94,0,122.1,1042
62100,18.05,66.63,750.0,227.4,341,9.08,0,122.2,1042
62130,18.87,66.70,553.6,131.5,413,7.81,0,121.8,1042
62160,20.11,66.55,371.2,134.5,407,9.01,0,121.0,1042
62190,13.73,66.27,563.6,228.6,464,2.75,0,120.3,1042
62220,20.85,66.47,748.3,248.7,448,10.76,0,121.1,1042
62250,18.20,66.85,668.9,255.7,443,6.78,0,121.1,1042
62280,13.47,66.79,449.3,127.3,455,4.11,0,121.8,1042
62310,16.43,66.66,606.1,217.9,323,2.75,0,120.7,1042
62340,17.16,66.39,694.8,229.9,431,1.87,0,120.4,1042
62370,17.68,66.04,396.4,135.7,348,5.01,0,121.6,1042
62400,12.74,66.22,403.6,128.2,399,1.74,0,120.8,1042
62430,19.77,66.02,418.8,133.0,312,9.75,0,121.2,1042
62460,19.10,66.54,764.0,251.8,397,9.54,0,120.1,1042
62490,19.28,66.78,746.0,303.4,325,7.53,0,120.2,1042
62520,18.46,67.32,411.4,150.7,355,3.50,0,120.0,1042
62550,12.01,67.12,395.9,108.2,398,1.00,0,119.2,1042
62580,16.53,67.64,352.7,84.5,374,3.35,0,119.9,1042
62610,16.76,67.34,360.2,133.7,344,8.11,0,119.8,1042
62640,17.30,67.73,258.7,48.3,396,8.38,0,119.7,1042
62670,12.71,68.11,760.3,206.8,313,1.00,0,119.7,1042
62700,12.84,67.77,406.6,159.2,312,3.31,0,118.7,1042
62730,11.42,68.10,259.7,81.4,262,1.00,0,118.9,1042
62760,9.65,68.61,538.3,244.0,261,3.63,0,119.4,1042
62790,11.62,68.41,606.3,222.7,284,4.59,0,119.4,1042
62820,13.92,68.60,443.4,146.4,290,6.87,0,118.3,1042
62850,13.89,68.35,397.3,160.8,326,1.00,0,117.9,1042
62880,9.94,68.04,373.5,160.2,342,4.53,0,119.1,1042
62910,9.57,68.32,665.0,244.7,207,2.67,0,118.1,1042
62940,8.73,68.33,548.2,244.8,297,1.00,0,118.2,1042
62970,12.59,68.43,756.3,233.4,223,1.54,0,117.7,1042
63000,6.90,68.52,589.1,209.3,220,1.00,1,119.2,1042
63030,9.66,68.45,278.6,111.5,187,1.00,0,119.1,1042
63060,10.05,68.85,401.4,104.0,253,3.09,0,117.9,1042
63090,6.63,68.96,760.6,322.6,267,1.00,0,117.8,1042
63120,7.91,69.25,758.6,299.2,253,1.00,0,118.4,1042
63150,3.79,69.27,329.3,110.8,202,1.00,0,119.1,1042
63180,5.11,69.04,437.8,201.2,246,1.00,0,119.5,1042
63210,7.39,69.48,336.0,138.2,164,1.00,0,118.8,1042
63240,0.88,69.52,755.5,235.4,222,1.00,0,119.1,1042
63270,4.26,69.56,374.4,91.4,227,1.00,0,119.8,1042
63300,1.14,69.57,350.0,156.8,161,1.00,0,119.7,1042
63330,1.21,70.05,711.5,269.1,188,1.00,0,118.7,1042
63360,1.02,70.54,292.2,73.7,148,1.00,0,118.1,1042
63390,6.22,70.50,473.3,152.6,202,1.00,0,118.2,1042
63420,0.50,70.66,273.8,57.7,109,1.00,0,117.5,1042
63450,3.01,70.44,349.0,167.0,99,1.00,0,116.7,1042
63480,0.82,70.45,668.5,261.7,83,1.00,0,116.7,1042
63510,0.50,70.93,696.1,257.1,149,1.00,0,115.5,1042
63540,2.15,70.67,301.3,139.7,75,1.00,0,115.5,1042
63570,3.06,70.90,349.0,112.0,154,1.00,0,115.3,1042
63600,0.86,70.89,395.7,172.0,92,1.00,0,114.1,1042
63630,1.69,70.81,696.3,319.0,160,1.00,0,113.6,1042
63660,0.50,70.95,620.8,201.0,62,1.00,0,113.0,1042
63690,0.50,71.29,642.3,233.7,159,1.00,0,113.4,1042
63720,0.50,71.30,315.6,129.0,135,1.00,0,112.5,1042
63750,0.50,71.53,362.3,92.2,30,1.00,0,111.8,1042
63780,0.50,71.40,276.4,154.1,147,1.00,0,111.0,1042
63810,0.50,71.19,377.9,125.0,124,1.00,0,110.2,1042
63840,1.36,71.71,506.7,147.6,35,1.00,0,110.1,1042
63870,0.50,71.58,609.4,186.6,132,1.00,0,111.2,1042
63900,2.02,71.58,326.2,141.6,58,1.00,0,111.1,1042
63930,0.50,71.65,497.8,194.2,110,1.00,0,112.2,1042
63960,0.50,71.59,552.4,147.5,80,1.00,0,112.0,1042
63990,0.50,71.70,616.8,242.9,53,1.00,0,110.9,1042
64020,0.50,71.79,721.6,321.2,42,1.00,0,111.0,1042
64050,0.85,72.13,422.4,200.6,37,1.00,0,111.2,1042
64080,0.50,72.23,469.6,216.1,84,1.00,0,110.7,1042
64110,0.50,72.46,474.6,155.7,136,1.00,0,109.8,1042
64140,3.35,72.72,584.3,159.3,92,1.00,0,110.5,1042
64170,0.50,73.10,371.2,116.7,146,1.00,0,109.7,1042
64200,1.89,72.98,756.1,279.8,52,1.00,0,109.2,1042
64230,0.50,72.74,335.9,75.5,174,1.00,0,110.3,1042
64260,3.63,73.20,488.5,168.8,93,1.09,0,109.1,1042
64290,0.50,73.66,449.1,200.8,140,1.00,0,109.7,1042
64320,0.50,73.42,539.3,152.7,136,1.00,0,108.6,1042
64350,1.78,73.76,431.0,136.1,105,1.00,0,109.5,1042
64380,2.80,73.53,479.8,119.7,142,1.00,0,109.1,1042
64410,0.50,73.77,645.3,225.3,198,1.00,0,109.3,1042
64440,5.38,73.78,354.9,125.0,178,2.19,0,109.3,1042
64470,5.24,73.66,570.7,181.4,168,1.00,0,110.2,1042
64500,4.16,73.33,363.0,150.5,194,1.00,0,110.8,1042
64530,7.61,73.67,472.6,218.7,231,1.00,0,111.5,1042
64560,1.31,73.60,696.9,245.1,147,1.00,0,112.1,1042
64590,6.77,73.33,451.7,101.9,237,1.00,0,112.8,1042
64620,8.52,73.60,421.5,134.6,171,1.00,0,113.1,1042
64650,8.94,73.27,382.0,123.8,216,2.65,0,112.2,1042
64680,4.17,73.57,501.3,161.6,186,1.00,0,111.4,1042
64710,5.57,73.77,282.0,109.0,235,1.25,1,112.9,1042
64740,6.95,73.52,627.8,259.7,271,1.00,0,112.0,1042
64770,8.39,73.40,299.7,126.4,293,1.00,0,111.1,1042
64800,8.80,73.79,730.2,277.2,285,1.00,0,111.3,1042
64830,11.04,74.20,733.0,300.9,221,1.00,0,112.5,1042
64860,5.73,74.70,492.8,179.2,276,1.00,0,113.2,1042
64890,6.69,75.03,452.3,119.8,250,1.29,0,113.0,1042
64920,13.02,75.22,469.7,133.9,235,1.00,0,113.4,1042
64950,12.39,75.31,591.7,131.4,266,3.41,0,113.6,1042
64980,14.34,74.98,691.5,269.4,223,2.46,0,113.0,1042
65010,9.02,74.93,378.3,134.9,253,2.90,0,111.9,1042
65040,13.08,74.96,393.9,120.6,332,1.00,0,111.0,1042
65070,14.77,74.95,727.4,293.4,353,1.00,0,111.4,1042
65100,11.85,75.36,627.4,218.2,369,4.81,0,110.5,1042
65130,14.79,75.81,517.2,187.9,298,1.00,0,111.4,1042
65160,10.53,76.25,660.9,226.0,267,4.51,0,111.8,1042
65190,11.89,76.37,331.8,121.6,292,1.00,0,110.7,1042
65220,17.44,76.71,379.2,80.5,336,7.65,0,110.4,1042
65250,12.41,76.41,242.1,65.2,394,4.05,0,110.7,1042
65280,12.94,76.11,398.0,190.5,356,3.35,0,110.2,1042
65310,16.04,76.48,545.8,208.9,296,1.35,0,110.4,1042
65340,18.76,76.91,304.6,123.7,436,3.75,0,110.0,1042
65370,18.34,76.90,516.4,206.3,421,2.36,0,108.9,1042
65400,19.18,76.90,752.4,199.3,417,8.62,0,110.0,1042
65430,19.52,77.13,531.5,197.3,418,4.59,0,110.8,1042
65460,14.79,77.41,298.6,100.8,363,4.27,0,111.6,1042
65490,13.40,77.57,475.9,153.5,376,3.23,0,111.4,1042
65520,19.19,77.34,755.8,271.6,455,7.65,0,112.1,1042
65550,17.40,77.81,404.1,80.4,384,9.25,0,113.0,1042
65580,17.90,77.93,299.4,94.0,372,6.57,0,112.6,1042
65610,14.97,77.72,283.8,78.5,449,6.41,0,113.2,1042
65640,15.41,77.64,621.1,222.8,404,1.00,1,114.6,1042
65670,13.14,77.56,590.3,151.5,415,3.47,0,113.8,1042
65700,14.71,77.58,390.6,186.9,363,1.94,0,114.7,1042
65730,15.54,77.31,330.8,67.3,338,3.22,0,113.5,1042
65760,20.62,77.41,470.2,156.8,382,6.30,0,114.0,1042
65790,15.62,77.55,465.9,186.6,457,3.24,0,113.6,1042
65820,18.23,77.82,508.4,183.9,442,8.66,0,113.0,1042
65850,19.70,78.25,410.9,112.8,463,9.92,0,112.6,1042
65880,16.42,78.40,312.1,146.7,338,7.83,0,112.2,1042
65910,19.04,78.74,612.5,227.8,401,9.00,1,113.0,1042
65940,18.66,79.14,342.6,103.4,400,9.57,0,113.0,1042
65970,12.68,78.88,505.1,133.5,346,1.50,0,114.1,1042
66000,12.87,79.02,693.3,202.5,321,1.34,0,114.5,1042
66030,18.44,79.27,717.8,242.5,347,5.49,0,114.7,1042
66060,18.74,79.34,439.2,163.8,329,8.15,0,114.1,1042
66090,16.99,79.66,338.3,144.6,396,3.68,0,114.8,1042
66120,17.53,79.32,372.6,97.0,305,8.65,0,115.2,1042
66150,11.74,79.84,666.9,225.0,378,5.16,0,115.0,1042
66180,15.22,79.76,356.5,96.4,280,5.75,0,113.9,1042
66210,10.60,79.67,632.0,150.4,408,1.00,0,115.0,1042
66240,14.65,79.99,318.3,143.8,309,1.48,0,115.5,1042
66270,14.87,80.42,720.5,201.4,294,1.00,0,115.5,1042
66300,14.21,80.22,674.7,187.4,301,2.86,0,115.3,1042
66330,11.71,80.09,680.4,225.3,375,2.45,1,114.6,1042
66360,13.73,79.85,547.3,155.6,323,1.05,0,114.7,1042
66390,13.64,80.22,599.8,183.7,242,1.43,0,114.0,1042
66420,8.66,80.07,267.7,101.9,263,1.00,0,115.1,1042
66450,11.17,80.00,438.7,164.2,222,5.31,0,114.8,1042
66480,12.65,80.07,287.0,125.2,317,4.07,0,115.1,1042
66510,7.71,80.46,518.3,218.7,311,1.00,1,115.4,1042
66540,7.24,80.51,455.4,163.1,288,1.00,0,115.1,1042
66570,12.46,80.59,754.7,265.6,202,2.33,0,114.2,1042
66600,5.52,80.27,290.3,79.6,297,1.00,0,113.8,1042
66630,4.47,80.30,340.8,144.8,259,1.00,0,112.7,1042
66660,6.55,80.72,599.6,206.1,261,1.00,0,113.6,1042
66690,6.33,80.82,430.9,127.2,259,1.00,0,113.3,1042
66720,6.41,80.65,323.5,124.3,259,1.83,0,112.3,1042
66750,3.42,80.48,619.1,197.8,207,1.00,0,112.1,1042
66780,2.47,80.39,346.3,176.6,203,1.00,0,113.0,1042
66810,1.36,80.80,743.2,288.3,145,1.00,0,113.4,1042
66840,5.37,80.58,402.2,141.5,106,1.00,1,113.8,1042
66870,1.65,80.24,695.4,225.4,122,1.00,0,113.4,1042
66900,4.12,80.43,273.3,70.9,226,1.00,0,113.5,1042
66930,0.50,80.87,346.5,112.0,208,1.00,0,112.9,1042
66960,4.21,81.26,296.6,98.0,152,1.00,0,113.2,1042
66990,0.50,81.13,354.1,105.8,202,1.00,0,113.7,1042
67020,1.25,81.55,548.0,187.9,141,1.00,0,113.6,1042
67050,4.43,81.58,307.2,92.8,104,1.00,0,112.5,1042
67080,0.50,81.68,394.1,95.0,182,1.00,0,112.5,1042
67110,0.50,82.00,486.5,155.4,163,1.00,0,113.4,1042
67140,0.50,81.68,562.6,210.2,118,1.00,0,113.3,1042
67170,0.93,82.05,445.5,113.6,113,1.00,0,113.2,1042
67200,0.50,82.54,423.6,98.2,38,1.00,0,112.3,1042
67230,0.50,82.39,519.7,150.0,77,1.00,0,113.0,1042
67260,0.50,82.68,390.7,171.4,145,1.00,1,114.0,1042
67290,0.50,82.40,563.8,222.9,155,1.00,0,114.3,1042
67320,0.50,82.19,626.2,198.9,75,1.00,0,114.7,1042
67350,0.50,82.73,608.9,248.4,154,1.00,0,113.8,1042
67380,0.50,82.90,487.5,152.5,15,1.00,1,114.7,1042
67410,0.74,83.11,334.9,161.5,146,1.00,0,114.2,1042
67440,0.50,83.53,726.8,264.8,144,1.00,1,114.0,1042
67470,2.17,83.48,743.6,284.8,11,1.00,0,115.0,1042
67500,0.50,83.79,275.2,48.9,59,1.00,0,114.3,1042
67530,2.10,83.92,742.4,258.1,115,1.00,0,113.4,1042
67560,1.85,83.68,592.1,192.7,36,1.00,0,114.3,1042
67590,2.14,83.52,660.0,233.9,145,1.00,0,113.2,1042
67620,2.73,83.46,774.2,266.5,115,1.00,0,113.8,1042
67650,0.50,83.82,265.0,61.6,81,1.00,0,114.1,1042
67680,2.00,84.11,476.0,150.3,151,1.00,0,114.5,1042
67710,0.50,83.97,443.9,171.3,27,1.00,0,113.4,1042
67740,1.44,84.05,749.9,310.5,89,1.00,0,114.5,1042
67770,0.50,84.07,278.5,128.2,81,1.00,0,114.6,1042
67800,2.79,83.96,366.1,134.0,110,1.00,0,114.0,1042
67830,3.47,83.86,503.9,139.3,154,1.00,0,113.9,1042
67860,0.50,83.61,741.5,296.6,179,1.00,0,114.2,1042
67890,0.50,84.13,365.8,165.0,139,1.00,0,114.1,1042
67920,0.50,84.62,533.6,215.0,87,1.00,0,115.3,1042
67950,0.50,84.62,411.1,147.6,146,1.00,0,116.1,1042
67980,3.23,84.80,588.4,160.8,116,1.00,0,117.2,1042
68010,6.58,84.53,676.2,187.0,154,1.00,0,117.1,1042
68040,3.77,84.84,620.7,213.5,168,1.00,0,116.8,1042
68070,6.11,85.16,628.1,178.3,109,1.00,0,116.6,1042
68100,5.09,85.17,634.8,188.1,192,1.00,0,116.2,1042
68130,1.44,85.60,461.0,128.9,194,1.00,0,116.8,1042
68160,6.23,86.07,643.2,266.3,219,1.00,0,115.6,1042
68190,8.59,86.44,773.7,261.5,119,1.00,0,116.2,1042
68220,8.23,86.86,592.0,218.7,247,1.00,0,115.3,1042
68250,9.74,87.12,637.8,249.5,149,3.74,0,116.4,1042
68280,6.47,87.52,581.0,178.5,176,1.06,0,115.3,1042
68310,7.90,87.87,439.6,166.6,199,1.00,0,115.7,1042
68340,9.45,88.40,509.3,158.3,263,1.00,0,116.0,1042
68370,8.84,88.89,331.1,136.6,241,1.00,0,116.6,1042
68400,8.69,89.04,621.1,210.3,308,1.00,0,116.8,1042
68430,8.35,88.72,598.1,236.9,253,1.00,0,115.8,1042
68460,6.80,88.57,498.4,196.5,206,1.00,0,116.1,1042
68490,11.04,89.02,715.2,281.2,237,1.00,0,115.2,1042
68520,10.46,89.37,774.4,285.8,272,1.30,0,115.7,1042
68550,8.73,89.81,788.9,246.4,313,1.00,0,114.9,1042
68580,13.16,90.00,715.6,209.2,229,5.35,0,113.9,1042
68610,11.84,89.85,332.3,94.2,299,1.00,0,114.3,1042
68640,13.22,90.23,332.3,68.0,300,2.22,0,114.7,1042
68670,9.42,90.68,649.4,175.8,291,1.51,0,115.1,1042
68700,9.68,90.92,578.4,153.0,255,3.13,0,115.1,1042
68730,12.77,91.13,705.5,229.8,346,1.00,0,114.3,1042
68760,11.49,91.40,462.8,147.1,302,4.49,0,114.4,1042
68790,14.56,91.46,496.2,140.8,310,3.03,0,115.2,1042
68820,12.71,91.99,533.6,176.6,283,1.00,0,115.5,1042
68850,16.34,62.98,309.7,68.3,353,3.58,0,115.3,1042
68880,14.63,63.19,639.4,223.2,356,1.00,0,115.0,1042
68910,12.97,62.94,603.0,246.2,318,5.57,0,114.5,1042
68940,12.89,63.43,418.4,93.3,307,6.66,0,114.0,1042
68970,12.71,63.91,740.8,261.8,431,5.96,0,113.9,1042
69000,17.71,64.36,541.9,162.8,423,8.72,0,112.9,1042
69030,16.51,64.74,683.5,203.8,340,4.49,0,112.1,1042
69060,19.94,64.73,686.0,246.6,351,6.81,0,113.0,1042
69090,14.29,64.75,559.1,254.8,380,3.82,0,112.3,1042
69120,20.72,65.06,475.9,147.2,332,5.43,0,113.2,1042
69150,15.34,65.42,722.9,333.3,452,1.50,0,113.1,1042
69180,19.35,65.52,645.6,273.4,405,5.78,0,112.7,1042
69210,19.67,65.31,365.8,107.4,394,5.07,0,112.3,1042
69240,18.97,65.41,611.8,219.8,352,6.16,0,112.2,1042
69270,20.28,65.14,709.4,296.7,469,3.67,0,111.2,1042
69300,15.53,65.02,574.3,201.4,445,4.05,0,111.0,1042
69330,21.08,64.83,399.1,159.9,438,8.74,0,110.0,1042
69360,15.50,64.54,646.9,256.4,456,5.39,0,110.2,1042
69390,17.62,64.22,657.1,227.0,427,3.09,0,109.1,1042
69420,16.97,64.34,587.2,210.6,419,7.79,0,109.6,1042
69450,14.85,64.49,309.7,130.3,431,4.95,0,108.7,1042
69480,15.45,64.34,437.2,91.9,459,2.24,0,107.6,1042
69510,14.72,64.49,805.3,214.8,409,4.78,0,106.5,1042
69540,18.97,64.65,663.5,230.3,380,7.26,0,105.6,1042
69570,14.03,65.12,512.8,164.0,448,6.33,0,104.4,1042
69600,13.20,65.47,708.8,225.2,351,1.00,0,105.3,1042
69630,18.25,65.69,567.7,139.7,320,3.81,0,105.0,1042
69660,18.99,65.76,661.7,228.3,301,3.24,0,105.3,1042
69690,14.93,66.24,731.1,250.9,419,4.86,0,105.9,1042
69720,15.97,66.09,555.4,221.7,339,5.32,0,106.2,1042
69750,13.68,66.03,463.6,168.6,391,6.65,0,106.7,1042
69780,15.09,65.69,768.2,291.6,388,6.37,0,106.2,1042
69810,17.92,65.86,421.1,185.7,397,6.36,0,106.3,1042
69840,12.33,65.77,363.9,130.5,371,1.92,0,107.2,1042
69870,17.88,66.21,724.2,212.0,397,4.19,0,107.7,1042
69900,15.86,66.22,704.6,216.8,385,6.76,0,106.6,1042
69930,12.62,66.20,810.1,273.6,314,6.40,0,107.3,1042
69960,10.73,66.31,668.6,240.6,246,2.34,0,108.1,1042
69990,14.55,66.50,578.0,195.0,309,4.99,0,107.3,1042
70020,9.72,66.70,520.4,175.8,248,1.00,0,106.6,1042
70050,9.22,66.49,429.4,162.9,249,2.34,0,107.1,1042
70080,14.49,66.81,321.8,130.4,232,1.00,0,106.9,1042
70110,14.14,67.27,511.4,185.9,323,5.02,0,107.6,1042
70140,10.45,67.68,759.4,295.3,236,1.00,0,107.5,1042
70170,11.87,67.60,645.3,263.7,296,1.00,0,107.7,1042
70200,9.88,68.06,721.6,228.0,212,3.12,0,108.7,1042
70230,6.07,68.06,620.6,183.7,196,1.84,1,108.7,1042
70260,11.56,68.04,615.6,207.9,253,3.08,0,109.5,1042
70290,6.59,68.24,428.4,149.7,180,1.02,0,109.2,1042
70320,5.05,67.95,435.6,193.9,235,1.00,1,108.7,1042
70350,8.11,67.92,315.1,96.6,181,1.00,0,108.6,1042
70380,10.41,67.81,503.7,225.2,133,1.00,0,108.2,1042
70410,4.32,68.07,811.2,307.3,190,1.00,0,108.2,1042
70440,5.48,68.43,585.2,155.7,242,1.37,0,108.0,1042
70470,6.35,68.66,400.4,157.9,223,1.00,0,108.4,1042
70500,2.18,69.18,394.4,154.3,160,1.00,0,109.0,1042
70530,5.80,69.67,575.4,214.1,103,1.00,0,108.2,1042
70560,1.27,70.16,634.3,197.1,210,1.00,0,108.0,1042
70590,6.80,47.18,672.8,220.8,130,1.00,0,108.9,1042
70620,0.67,47.13,486.3,154.7,119,1.00,0,110.0,1042
70650,5.88,46.82,485.5,187.5,73,1.00,0,109.7,1042
70680,6.01,46.83,765.4,262.5,172,1.00,0,109.5,1042
70710,1.15,47.25,464.7,147.9,125,1.00,0,110.4,1042
70740,0.50,47.59,560.1,224.0,104,1.00,0,110.5,1042
70770,5.28,47.96,348.5,119.9,174,1.00,0,110.3,1042
70800,0.50,47.85,772.6,308.5,159,1.00,0,109.9,1042
70830,3.47,48.01,465.9,150.9,152,1.00,0,110.7,1042
70860,3.54,48.15,476.0,173.9,58,1.00,0,111.8,1042
70890,1.82,48.49,329.1,132.4,137,1.00,0,111.4,1042
70920,3.52,48.47,793.1,274.8,39,1.00,0,111.7,1042
70950,1.08,48.24,391.7,151.9,97,1.00,0,111.5,1042
70980,0.50,48.45,633.4,211.0,62,1.00,0,111.4,1042
71010,3.77,48.95,781.1,294.2,138,1.00,0,111.4,1042
71040,3.94,49.37,515.7,216.2,72,1.17,1,110.8,1042
71070,4.60,49.08,565.3,184.8,73,1.00,0,109.7,1042
71100,3.51,48.91,693.2,302.5,123,1.00,0,110.2,1042
71130,1.11,49.09,813.1,360.0,106,1.00,0,109.6,1042
71160,2.10,49.50,402.5,124.7,71,1.00,1,109.2,1042
71190,0.50,49.37,543.8,228.9,103,1.00,0,109.2,1042
71220,0.50,49.35,644.1,217.9,77,1.00,1,109.0,1042
71250,4.09,49.67,588.8,193.0,18,1.00,0,109.4,1042
71280,3.58,49.88,397.4,144.1,102,1.00,0,110.2,1042
71310,0.50,49.72,527.1,208.1,32,1.00,0,110.4,1042
71340,0.50,50.05,357.7,72.6,122,1.00,0,110.8,1042
71370,5.48,50.52,860.7,339.7,106,1.00,0,110.2,1042
71400,0.50,50.66,651.7,209.9,142,1.00,0,109.9,1042
71430,5.34,50.48,715.7,265.1,94,1.00,0,108.8,1042
71460,4.49,50.82,344.9,119.0,136,1.00,1,108.9,1042
71490,4.59,51.32,829.5,249.1,85,1.00,0,108.5,1042
71520,0.78,51.56,798.4,281.3,78,1.00,0,108.7,1042
71550,5.86,51.89,422.8,150.1,135,1.00,0,108.1,1042
71580,1.23,52.27,715.9,182.7,130,1.00,0,108.7,1042
71610,1.68,52.00,365.3,109.7,108,1.00,0,109.7,1042
71640,1.76,52.49,609.5,238.2,212,1.00,0,110.0,1042
71670,9.53,52.65,448.1,158.6,211,2.33,0,110.8,1042
71700,9.50,52.34,619.1,241.1,105,1.00,0,110.0,1042
71730,7.01,52.84,823.3,217.0,233,1.00,0,110.0,1042
71760,5.81,52.50,365.2,119.3,207,1.00,1,109.9,1042
71790,10.90,52.41,689.8,269.0,238,1.00,0,109.5,1042
71820,6.34,52.52,529.8,151.3,214,1.75,0,109.6,1042
71850,8.61,52.39,637.8,202.2,210,1.00,0,109.6,1042
71880,5.11,52.61,841.0,304.0,220,1.89,0,109.9,1042
71910,6.74,52.95,592.9,247.1,249,1.00,0,109.4,1042
71940,13.24,52.74,449.2,168.3,265,1.46,0,109.3,1042
71970,9.49,53.12,483.9,181.3,258,4.52,0,108.8,1042
